number_of_cities,index_of_sample,name_of_src_file           ,type_of_measurement,used_algorithm,full_cost         ,hamiltonian_cycle_cost,best_way                                               ,best_way_is_optimal,absolute_distance_error,relative_distance_error,optimal_way                                            ,optimal_cost      ,suffix                                    ,parameters                                                                                                                             ,min_utilization_of_cpu,avg_utilization_of_cpu,std_utilization_of_cpu,max_utilization_of_cpu,time_duration_is_sec,used_memory_before_measurement_in_bytes,used_memory_peak_before_measurement_in_bytes,used_memory_after_measurement_in_bytes,used_memory_peak_after_measurement_in_bytes,used_memory_diff_before_after_measurement_in_bytes,used_memory_peak_diff_before_after_measurement_in_bytes,utilization_of_cpu
15              ,0              ,TSP_CITIES_SET_0_N_15.json ,TIME_AND_DATA      ,particle_swarm,7184.257854332614 ,7184.257854332615     ,"[0, 9, 6, 3, 5, 11, 2, 1, 10, 14, 4, 7, 13, 12, 8, 0]",False              ,91.3383594558818       ,1.2877399711339759     ,"[0, 9, 6, 3, 5, 11, 2, 1, 10, 14, 4, 7, 13, 8, 12, 0]",7092.919494876734 ,PSO_POP_200_ALPHA_0_9_BETA_0_3_NR_ITER_100,"{'suffix': 'PSO_POP_200_ALPHA_0_9_BETA_0_3_NR_ITER_100', 'size_of_population': 200, 'alpha': 0.9, 'beta': 0.3, 'max_iterations': 100}",99.4                  ,99.7                  ,0.42426406871192446   ,100.0                 ,0.2682088           ,nan                                    ,nan                                         ,nan                                   ,nan                                        ,nan                                               ,nan                                                    ,"[100.0, 99.4]"
15              ,1              ,TSP_CITIES_SET_1_N_15.json ,TIME_AND_DATA      ,particle_swarm,7496.208142039982 ,7496.208142039983     ,"[0, 8, 3, 5, 7, 14, 2, 11, 9, 6, 1, 10, 4, 12, 13, 0]",False              ,42.34930624433855      ,0.5681527806907827     ,"[0, 13, 3, 5, 12, 4, 10, 1, 6, 9, 11, 2, 14, 7, 8, 0]",7453.858835795644 ,PSO_POP_200_ALPHA_0_9_BETA_0_3_NR_ITER_100,"{'suffix': 'PSO_POP_200_ALPHA_0_9_BETA_0_3_NR_ITER_100', 'size_of_population': 200, 'alpha': 0.9, 'beta': 0.3, 'max_iterations': 100}",99.4                  ,99.85                 ,0.6363961030678867    ,100.3                 ,0.28493990000000036 ,nan                                    ,nan                                         ,nan                                   ,nan                                        ,nan                                               ,nan                                                    ,"[100.3, 99.4]"
15              ,2              ,TSP_CITIES_SET_2_N_15.json ,TIME_AND_DATA      ,particle_swarm,7726.125685944764 ,7726.125685944764     ,"[0, 7, 1, 6, 2, 14, 3, 9, 5, 4, 10, 11, 8, 12, 13, 0]",True               ,0.0                    ,0.0                    ,"[0, 13, 12, 8, 11, 10, 4, 5, 9, 3, 14, 2, 6, 1, 7, 0]",7726.125685944766 ,PSO_POP_200_ALPHA_0_9_BETA_0_3_NR_ITER_100,"{'suffix': 'PSO_POP_200_ALPHA_0_9_BETA_0_3_NR_ITER_100', 'size_of_population': 200, 'alpha': 0.9, 'beta': 0.3, 'max_iterations': 100}",99.7                  ,100.0                 ,0.42426406871192446   ,100.3                 ,0.2629729000000003  ,nan                                    ,nan                                         ,nan                                   ,nan                                        ,nan                                               ,nan                                                    ,"[99.7, 100.3]"
15              ,3              ,TSP_CITIES_SET_3_N_15.json ,TIME_AND_DATA      ,particle_swarm,7361.641224086411 ,7361.641224086412     ,"[0, 9, 14, 2, 7, 8, 10, 1, 5, 3, 12, 11, 13, 4, 6, 0]",False              ,516.2916390620885      ,7.542224581073079      ,"[0, 9, 1, 10, 8, 7, 14, 2, 6, 13, 4, 11, 12, 3, 5, 0]",6845.3495850243235,PSO_POP_200_ALPHA_0_9_BETA_0_3_NR_ITER_100,"{'suffix': 'PSO_POP_200_ALPHA_0_9_BETA_0_3_NR_ITER_100', 'size_of_population': 200, 'alpha': 0.9, 'beta': 0.3, 'max_iterations': 100}",99.7                  ,100.0                 ,0.42426406871192446   ,100.3                 ,0.30246240000000046 ,nan                                    ,nan                                         ,nan                                   ,nan                                        ,nan                                               ,nan                                                    ,"[99.7, 100.3]"
15              ,4              ,TSP_CITIES_SET_4_N_15.json ,TIME_AND_DATA      ,particle_swarm,7392.851206172134 ,7392.851206172134     ,"[0, 5, 13, 7, 8, 6, 11, 14, 1, 9, 4, 10, 2, 12, 3, 0]",False              ,673.1439140244565      ,10.01745886775544      ,"[0, 5, 13, 7, 8, 6, 11, 14, 1, 12, 2, 10, 4, 9, 3, 0]",6719.707292147677 ,PSO_POP_200_ALPHA_0_9_BETA_0_3_NR_ITER_100,"{'suffix': 'PSO_POP_200_ALPHA_0_9_BETA_0_3_NR_ITER_100', 'size_of_population': 200, 'alpha': 0.9, 'beta': 0.3, 'max_iterations': 100}",100.0                 ,100.15                ,0.21213203435596226   ,100.3                 ,0.28760419999999964 ,nan                                    ,nan                                         ,nan                                   ,nan                                        ,nan                                               ,nan                                                    ,"[100.3, 100.0]"
15              ,5              ,TSP_CITIES_SET_5_N_15.json ,TIME_AND_DATA      ,particle_swarm,7802.093260774155 ,7802.093260774155     ,"[0, 11, 6, 2, 1, 7, 8, 10, 12, 4, 14, 13, 5, 9, 3, 0]",False              ,312.4828083479506      ,4.172217104385236      ,"[0, 2, 3, 9, 5, 13, 14, 4, 12, 10, 8, 7, 1, 6, 11, 0]",7489.610452426205 ,PSO_POP_200_ALPHA_0_9_BETA_0_3_NR_ITER_100,"{'suffix': 'PSO_POP_200_ALPHA_0_9_BETA_0_3_NR_ITER_100', 'size_of_population': 200, 'alpha': 0.9, 'beta': 0.3, 'max_iterations': 100}",99.4                  ,99.93333333333332     ,0.4444097208657752    ,100.3                 ,0.9103923999999992  ,nan                                    ,nan                                         ,nan                                   ,nan                                        ,nan                                               ,nan                                                    ,"[99.4, 100.3, 100.3, 99.7, 99.4, 100.3, 100.3, 99.4, 100.3]"
15              ,6              ,TSP_CITIES_SET_6_N_15.json ,TIME_AND_DATA      ,particle_swarm,7806.366056573367 ,7806.366056573368     ,"[0, 3, 2, 14, 12, 1, 8, 5, 7, 9, 4, 10, 11, 13, 6, 0]",False              ,459.77040099804253     ,6.258278290423172      ,"[0, 5, 8, 1, 12, 14, 2, 3, 13, 6, 11, 4, 10, 9, 7, 0]",7346.5956555753255,PSO_POP_200_ALPHA_0_9_BETA_0_3_NR_ITER_100,"{'suffix': 'PSO_POP_200_ALPHA_0_9_BETA_0_3_NR_ITER_100', 'size_of_population': 200, 'alpha': 0.9, 'beta': 0.3, 'max_iterations': 100}",99.4                  ,99.85                 ,0.6363961030678867    ,100.3                 ,0.2921312999999994  ,nan                                    ,nan                                         ,nan                                   ,nan                                        ,nan                                               ,nan                                                    ,"[100.3, 99.4]"
15              ,7              ,TSP_CITIES_SET_7_N_15.json ,TIME_AND_DATA      ,particle_swarm,7203.583606172732 ,7203.583606172733     ,"[0, 14, 4, 3, 10, 7, 6, 12, 8, 2, 1, 5, 9, 11, 13, 0]",False              ,638.0398909016367      ,9.718005371247331      ,"[0, 10, 7, 8, 12, 6, 2, 1, 5, 9, 11, 13, 4, 3, 14, 0]",6565.5437152710965,PSO_POP_200_ALPHA_0_9_BETA_0_3_NR_ITER_100,"{'suffix': 'PSO_POP_200_ALPHA_0_9_BETA_0_3_NR_ITER_100', 'size_of_population': 200, 'alpha': 0.9, 'beta': 0.3, 'max_iterations': 100}",99.4                  ,100.1                 ,0.9899494936611605    ,100.8                 ,0.2758729000000004  ,nan                                    ,nan                                         ,nan                                   ,nan                                        ,nan                                               ,nan                                                    ,"[99.4, 100.8]"
15              ,8              ,TSP_CITIES_SET_8_N_15.json ,TIME_AND_DATA      ,particle_swarm,7547.703285139602 ,7547.7032851396025    ,"[0, 10, 13, 2, 9, 8, 11, 12, 5, 7, 14, 3, 1, 4, 6, 0]",False              ,366.2742090106731      ,5.100296962176631      ,"[0, 12, 5, 7, 14, 3, 1, 4, 6, 13, 9, 2, 11, 8, 10, 0]",7181.429076128929 ,PSO_POP_200_ALPHA_0_9_BETA_0_3_NR_ITER_100,"{'suffix': 'PSO_POP_200_ALPHA_0_9_BETA_0_3_NR_ITER_100', 'size_of_population': 200, 'alpha': 0.9, 'beta': 0.3, 'max_iterations': 100}",99.7                  ,100.0                 ,0.42426406871192446   ,100.3                 ,0.25348349999999975 ,nan                                    ,nan                                         ,nan                                   ,nan                                        ,nan                                               ,nan                                                    ,"[99.7, 100.3]"
15              ,9              ,TSP_CITIES_SET_9_N_15.json ,TIME_AND_DATA      ,particle_swarm,7028.974004704793 ,7028.974004704793     ,"[0, 2, 6, 13, 3, 9, 4, 10, 12, 14, 1, 8, 7, 5, 11, 0]",True               ,0.0                    ,0.0                    ,"[0, 2, 6, 13, 3, 9, 4, 10, 12, 14, 1, 8, 7, 5, 11, 0]",7028.974004704793 ,PSO_POP_200_ALPHA_0_9_BETA_0_3_NR_ITER_100,"{'suffix': 'PSO_POP_200_ALPHA_0_9_BETA_0_3_NR_ITER_100', 'size_of_population': 200, 'alpha': 0.9, 'beta': 0.3, 'max_iterations': 100}",99.4                  ,99.85                 ,0.6363961030678867    ,100.3                 ,0.2908868999999994  ,nan                                    ,nan                                         ,nan                                   ,nan                                        ,nan                                               ,nan                                                    ,"[99.4, 100.3]"
15              ,10             ,TSP_CITIES_SET_10_N_15.json,TIME_AND_DATA      ,particle_swarm,8879.230486771685 ,8879.230486771685     ,"[0, 2, 11, 7, 4, 8, 12, 10, 1, 3, 5, 6, 14, 9, 13, 0]",False              ,1650.36401946163       ,22.83019097011692      ,"[0, 7, 4, 11, 2, 14, 6, 5, 3, 1, 9, 13, 10, 12, 8, 0]",7228.866467310055 ,PSO_POP_200_ALPHA_0_9_BETA_0_3_NR_ITER_100,"{'suffix': 'PSO_POP_200_ALPHA_0_9_BETA_0_3_NR_ITER_100', 'size_of_population': 200, 'alpha': 0.9, 'beta': 0.3, 'max_iterations': 100}",99.4                  ,100.1                 ,0.9899494936611605    ,100.8                 ,0.29011420000000054 ,nan                                    ,nan                                         ,nan                                   ,nan                                        ,nan                                               ,nan                                                    ,"[99.4, 100.8]"
15              ,11             ,TSP_CITIES_SET_11_N_15.json,TIME_AND_DATA      ,particle_swarm,6015.550462655489 ,6015.550462655489     ,"[0, 3, 11, 12, 7, 6, 9, 13, 2, 4, 8, 5, 14, 1, 10, 0]",False              ,75.53795263966822      ,1.2716800261329253     ,"[0, 10, 1, 14, 5, 8, 4, 2, 13, 9, 6, 12, 7, 11, 3, 0]",5940.012510015821 ,PSO_POP_200_ALPHA_0_9_BETA_0_3_NR_ITER_100,"{'suffix': 'PSO_POP_200_ALPHA_0_9_BETA_0_3_NR_ITER_100', 'size_of_population': 200, 'alpha': 0.9, 'beta': 0.3, 'max_iterations': 100}",99.4                  ,99.7                  ,0.5196152422706583    ,100.3                 ,0.33027530000000027 ,nan                                    ,nan                                         ,nan                                   ,nan                                        ,nan                                               ,nan                                                    ,"[99.4, 100.3, 99.4]"
15              ,12             ,TSP_CITIES_SET_12_N_15.json,TIME_AND_DATA      ,particle_swarm,7097.981835372432 ,7097.981835372431     ,"[0, 1, 9, 4, 6, 2, 7, 13, 11, 14, 5, 8, 10, 3, 12, 0]",False              ,312.5215353159456      ,4.605752911314564      ,"[0, 2, 7, 13, 11, 14, 5, 8, 10, 3, 12, 4, 9, 6, 1, 0]",6785.460300056486 ,PSO_POP_200_ALPHA_0_9_BETA_0_3_NR_ITER_100,"{'suffix': 'PSO_POP_200_ALPHA_0_9_BETA_0_3_NR_ITER_100', 'size_of_population': 200, 'alpha': 0.9, 'beta': 0.3, 'max_iterations': 100}",100.0                 ,100.4                 ,0.565685424949236     ,100.8                 ,0.27697150000000015 ,nan                                    ,nan                                         ,nan                                   ,nan                                        ,nan                                               ,nan                                                    ,"[100.8, 100.0]"
15              ,13             ,TSP_CITIES_SET_13_N_15.json,TIME_AND_DATA      ,particle_swarm,6359.952558358952 ,6359.952558358951     ,"[0, 9, 8, 12, 4, 2, 3, 14, 7, 6, 11, 1, 13, 10, 5, 0]",True               ,0.0                    ,0.0                    ,"[0, 5, 10, 13, 1, 11, 6, 7, 14, 3, 2, 4, 12, 8, 9, 0]",6359.952558358951 ,PSO_POP_200_ALPHA_0_9_BETA_0_3_NR_ITER_100,"{'suffix': 'PSO_POP_200_ALPHA_0_9_BETA_0_3_NR_ITER_100', 'size_of_population': 200, 'alpha': 0.9, 'beta': 0.3, 'max_iterations': 100}",99.4                  ,99.85                 ,0.6363961030678867    ,100.3                 ,0.29350969999999954 ,nan                                    ,nan                                         ,nan                                   ,nan                                        ,nan                                               ,nan                                                    ,"[99.4, 100.3]"
15              ,14             ,TSP_CITIES_SET_14_N_15.json,TIME_AND_DATA      ,particle_swarm,8176.149509950255 ,8176.149509950255     ,"[0, 10, 3, 12, 2, 14, 1, 4, 9, 13, 7, 11, 6, 8, 5, 0]",False              ,1039.687359005009      ,14.56866633654463      ,"[0, 1, 14, 9, 4, 2, 12, 3, 10, 8, 6, 11, 7, 13, 5, 0]",7136.462150945246 ,PSO_POP_200_ALPHA_0_9_BETA_0_3_NR_ITER_100,"{'suffix': 'PSO_POP_200_ALPHA_0_9_BETA_0_3_NR_ITER_100', 'size_of_population': 200, 'alpha': 0.9, 'beta': 0.3, 'max_iterations': 100}",99.4                  ,99.89999999999999     ,0.45825756949557966   ,100.3                 ,0.3378052           ,nan                                    ,nan                                         ,nan                                   ,nan                                        ,nan                                               ,nan                                                    ,"[99.4, 100.0, 100.3]"
15              ,15             ,TSP_CITIES_SET_15_N_15.json,TIME_AND_DATA      ,particle_swarm,7038.104241347529 ,7038.104241347528     ,"[0, 9, 1, 13, 3, 11, 6, 14, 10, 12, 7, 5, 8, 2, 4, 0]",False              ,540.6666287828457      ,8.321228475319407      ,"[0, 4, 2, 1, 9, 13, 3, 11, 6, 14, 12, 10, 7, 5, 8, 0]",6497.437612564682 ,PSO_POP_200_ALPHA_0_9_BETA_0_3_NR_ITER_100,"{'suffix': 'PSO_POP_200_ALPHA_0_9_BETA_0_3_NR_ITER_100', 'size_of_population': 200, 'alpha': 0.9, 'beta': 0.3, 'max_iterations': 100}",100.0                 ,100.15                ,0.21213203435596226   ,100.3                 ,0.29284589999999966 ,nan                                    ,nan                                         ,nan                                   ,nan                                        ,nan                                               ,nan                                                    ,"[100.3, 100.0]"
15              ,16             ,TSP_CITIES_SET_16_N_15.json,TIME_AND_DATA      ,particle_swarm,8097.673957717911 ,8097.673957717911     ,"[0, 1, 4, 14, 8, 2, 5, 3, 6, 10, 13, 12, 9, 7, 11, 0]",False              ,1442.186433414724      ,21.6691328493733       ,"[0, 1, 5, 3, 14, 4, 10, 6, 13, 12, 9, 7, 11, 8, 2, 0]",6655.4875243031875,PSO_POP_200_ALPHA_0_9_BETA_0_3_NR_ITER_100,"{'suffix': 'PSO_POP_200_ALPHA_0_9_BETA_0_3_NR_ITER_100', 'size_of_population': 200, 'alpha': 0.9, 'beta': 0.3, 'max_iterations': 100}",100.3                 ,100.3                 ,0.0                   ,100.3                 ,0.2532336000000006  ,nan                                    ,nan                                         ,nan                                   ,nan                                        ,nan                                               ,nan                                                    ,"[100.3, 100.3]"
15              ,17             ,TSP_CITIES_SET_17_N_15.json,TIME_AND_DATA      ,particle_swarm,7451.715659534384 ,7451.715659534387     ,"[0, 1, 13, 14, 12, 3, 5, 2, 10, 6, 9, 8, 11, 4, 7, 0]",False              ,525.1781365275692      ,7.582116386191016      ,"[0, 2, 10, 8, 6, 9, 11, 4, 1, 13, 14, 12, 3, 5, 7, 0]",6926.5375230068175,PSO_POP_200_ALPHA_0_9_BETA_0_3_NR_ITER_100,"{'suffix': 'PSO_POP_200_ALPHA_0_9_BETA_0_3_NR_ITER_100', 'size_of_population': 200, 'alpha': 0.9, 'beta': 0.3, 'max_iterations': 100}",86.0                  ,93.15                 ,10.111626970967627    ,100.3                 ,0.2581391000000002  ,nan                                    ,nan                                         ,nan                                   ,nan                                        ,nan                                               ,nan                                                    ,"[100.3, 86.0]"
15              ,18             ,TSP_CITIES_SET_18_N_15.json,TIME_AND_DATA      ,particle_swarm,6385.0849536399055,6385.084953639906     ,"[0, 3, 5, 7, 12, 13, 14, 1, 2, 9, 6, 10, 4, 11, 8, 0]",False              ,783.4237127199685      ,13.985560336942296     ,"[0, 3, 5, 13, 12, 7, 14, 1, 2, 9, 6, 10, 4, 11, 8, 0]",5601.661240919938 ,PSO_POP_200_ALPHA_0_9_BETA_0_3_NR_ITER_100,"{'suffix': 'PSO_POP_200_ALPHA_0_9_BETA_0_3_NR_ITER_100', 'size_of_population': 200, 'alpha': 0.9, 'beta': 0.3, 'max_iterations': 100}",99.4                  ,99.85                 ,0.6363961030678867    ,100.3                 ,0.30239939999999965 ,nan                                    ,nan                                         ,nan                                   ,nan                                        ,nan                                               ,nan                                                    ,"[99.4, 100.3]"
15              ,19             ,TSP_CITIES_SET_19_N_15.json,TIME_AND_DATA      ,particle_swarm,6616.897479593795 ,6616.897479593795     ,"[0, 13, 9, 12, 5, 6, 7, 1, 14, 8, 10, 11, 3, 4, 2, 0]",False              ,208.49936991616505     ,3.253533353386709      ,"[0, 4, 2, 3, 11, 10, 8, 14, 1, 7, 6, 5, 12, 9, 13, 0]",6408.39810967763  ,PSO_POP_200_ALPHA_0_9_BETA_0_3_NR_ITER_100,"{'suffix': 'PSO_POP_200_ALPHA_0_9_BETA_0_3_NR_ITER_100', 'size_of_population': 200, 'alpha': 0.9, 'beta': 0.3, 'max_iterations': 100}",99.4                  ,99.7                  ,0.42426406871192446   ,100.0                 ,0.2292614000000004  ,nan                                    ,nan                                         ,nan                                   ,nan                                        ,nan                                               ,nan                                                    ,"[100.0, 99.4]"
15              ,20             ,TSP_CITIES_SET_20_N_15.json,TIME_AND_DATA      ,particle_swarm,7027.462213326835 ,7027.462213326833     ,"[0, 10, 1, 7, 14, 6, 9, 3, 2, 12, 11, 4, 8, 13, 5, 0]",False              ,42.80801284685367      ,0.6128866457542299     ,"[0, 13, 5, 8, 4, 11, 12, 2, 3, 9, 6, 14, 7, 1, 10, 0]",6984.654200479979 ,PSO_POP_200_ALPHA_0_9_BETA_0_3_NR_ITER_100,"{'suffix': 'PSO_POP_200_ALPHA_0_9_BETA_0_3_NR_ITER_100', 'size_of_population': 200, 'alpha': 0.9, 'beta': 0.3, 'max_iterations': 100}",99.4                  ,99.7                  ,0.5196152422706583    ,100.3                 ,0.38656800000000047 ,nan                                    ,nan                                         ,nan                                   ,nan                                        ,nan                                               ,nan                                                    ,"[99.4, 100.3, 99.4]"
15              ,21             ,TSP_CITIES_SET_21_N_15.json,TIME_AND_DATA      ,particle_swarm,5981.440142452767 ,5981.440142452768     ,"[0, 11, 8, 7, 12, 14, 13, 2, 4, 3, 9, 1, 6, 10, 5, 0]",False              ,256.13160012610024     ,4.473673309177024      ,"[0, 5, 10, 9, 3, 4, 6, 1, 2, 13, 14, 12, 7, 8, 11, 0]",5725.3085423266675,PSO_POP_200_ALPHA_0_9_BETA_0_3_NR_ITER_100,"{'suffix': 'PSO_POP_200_ALPHA_0_9_BETA_0_3_NR_ITER_100', 'size_of_population': 200, 'alpha': 0.9, 'beta': 0.3, 'max_iterations': 100}",99.4                  ,99.85                 ,0.6363961030678867    ,100.3                 ,0.24994549999999993 ,nan                                    ,nan                                         ,nan                                   ,nan                                        ,nan                                               ,nan                                                    ,"[99.4, 100.3]"
15              ,22             ,TSP_CITIES_SET_22_N_15.json,TIME_AND_DATA      ,particle_swarm,5727.2428267963405,5727.2428267963405    ,"[0, 2, 11, 1, 14, 9, 8, 10, 5, 3, 4, 12, 7, 13, 6, 0]",False              ,6.106095652437034      ,0.10672871387949089    ,"[0, 6, 13, 7, 12, 4, 3, 5, 10, 8, 2, 11, 9, 14, 1, 0]",5721.1367311439035,PSO_POP_200_ALPHA_0_9_BETA_0_3_NR_ITER_100,"{'suffix': 'PSO_POP_200_ALPHA_0_9_BETA_0_3_NR_ITER_100', 'size_of_population': 200, 'alpha': 0.9, 'beta': 0.3, 'max_iterations': 100}",100.0                 ,100.15                ,0.21213203435596226   ,100.3                 ,0.3304944000000001  ,nan                                    ,nan                                         ,nan                                   ,nan                                        ,nan                                               ,nan                                                    ,"[100.0, 100.3]"
15              ,23             ,TSP_CITIES_SET_23_N_15.json,TIME_AND_DATA      ,particle_swarm,7959.451095497431 ,7959.451095497431     ,"[0, 6, 5, 1, 8, 14, 13, 4, 11, 9, 2, 10, 12, 3, 7, 0]",False              ,466.8322625328865      ,6.230562009627529      ,"[0, 7, 3, 12, 6, 5, 1, 8, 14, 13, 11, 4, 9, 2, 10, 0]",7492.618832964545 ,PSO_POP_200_ALPHA_0_9_BETA_0_3_NR_ITER_100,"{'suffix': 'PSO_POP_200_ALPHA_0_9_BETA_0_3_NR_ITER_100', 'size_of_population': 200, 'alpha': 0.9, 'beta': 0.3, 'max_iterations': 100}",99.4                  ,99.85                 ,0.6363961030678867    ,100.3                 ,0.28330769999999994 ,nan                                    ,nan                                         ,nan                                   ,nan                                        ,nan                                               ,nan                                                    ,"[100.3, 99.4]"
15              ,24             ,TSP_CITIES_SET_24_N_15.json,TIME_AND_DATA      ,particle_swarm,7872.290405354251 ,7872.290405354251     ,"[0, 2, 12, 4, 6, 5, 10, 8, 1, 7, 13, 3, 14, 11, 9, 0]",False              ,584.881676733833       ,8.025921126624624      ,"[0, 7, 1, 8, 10, 5, 6, 4, 12, 2, 9, 11, 14, 3, 13, 0]",7287.408728620418 ,PSO_POP_200_ALPHA_0_9_BETA_0_3_NR_ITER_100,"{'suffix': 'PSO_POP_200_ALPHA_0_9_BETA_0_3_NR_ITER_100', 'size_of_population': 200, 'alpha': 0.9, 'beta': 0.3, 'max_iterations': 100}",99.4                  ,99.85                 ,0.6363961030678867    ,100.3                 ,0.3037049999999999  ,nan                                    ,nan                                         ,nan                                   ,nan                                        ,nan                                               ,nan                                                    ,"[100.3, 99.4]"
15              ,25             ,TSP_CITIES_SET_25_N_15.json,TIME_AND_DATA      ,particle_swarm,6419.764682257789 ,6419.764682257789     ,"[0, 12, 4, 8, 9, 13, 1, 3, 11, 10, 7, 14, 5, 2, 6, 0]",False              ,291.74755098561945     ,4.7608801466430135     ,"[0, 1, 4, 8, 9, 13, 3, 11, 10, 7, 14, 5, 2, 6, 12, 0]",6128.0171312721695,PSO_POP_200_ALPHA_0_9_BETA_0_3_NR_ITER_100,"{'suffix': 'PSO_POP_200_ALPHA_0_9_BETA_0_3_NR_ITER_100', 'size_of_population': 200, 'alpha': 0.9, 'beta': 0.3, 'max_iterations': 100}",99.4                  ,99.85                 ,0.6363961030678867    ,100.3                 ,0.28710020000000025 ,nan                                    ,nan                                         ,nan                                   ,nan                                        ,nan                                               ,nan                                                    ,"[99.4, 100.3]"
15              ,26             ,TSP_CITIES_SET_26_N_15.json,TIME_AND_DATA      ,particle_swarm,8548.280100627773 ,8548.280100627773     ,"[0, 2, 12, 1, 8, 4, 10, 13, 6, 11, 14, 7, 5, 9, 3, 0]",False              ,106.42621143049473     ,1.260697150500133      ,"[0, 5, 7, 14, 11, 6, 13, 10, 4, 8, 1, 12, 9, 3, 2, 0]",8441.853889197278 ,PSO_POP_200_ALPHA_0_9_BETA_0_3_NR_ITER_100,"{'suffix': 'PSO_POP_200_ALPHA_0_9_BETA_0_3_NR_ITER_100', 'size_of_population': 200, 'alpha': 0.9, 'beta': 0.3, 'max_iterations': 100}",99.4                  ,99.85                 ,0.6363961030678867    ,100.3                 ,0.25135559999999924 ,nan                                    ,nan                                         ,nan                                   ,nan                                        ,nan                                               ,nan                                                    ,"[99.4, 100.3]"
15              ,27             ,TSP_CITIES_SET_27_N_15.json,TIME_AND_DATA      ,particle_swarm,6356.288639407323 ,6356.288639407323     ,"[0, 1, 3, 11, 4, 13, 7, 5, 12, 14, 2, 6, 10, 8, 9, 0]",False              ,238.40561418995003     ,3.8968645396988335     ,"[0, 9, 8, 10, 6, 2, 14, 12, 5, 13, 7, 4, 11, 3, 1, 0]",6117.883025217373 ,PSO_POP_200_ALPHA_0_9_BETA_0_3_NR_ITER_100,"{'suffix': 'PSO_POP_200_ALPHA_0_9_BETA_0_3_NR_ITER_100', 'size_of_population': 200, 'alpha': 0.9, 'beta': 0.3, 'max_iterations': 100}",99.4                  ,99.7                  ,0.42426406871192446   ,100.0                 ,0.31161569999999994 ,nan                                    ,nan                                         ,nan                                   ,nan                                        ,nan                                               ,nan                                                    ,"[99.4, 100.0]"
15              ,28             ,TSP_CITIES_SET_28_N_15.json,TIME_AND_DATA      ,particle_swarm,7168.399825216833 ,7168.399825216833     ,"[0, 5, 3, 1, 11, 10, 7, 4, 14, 8, 6, 9, 13, 12, 2, 0]",True               ,0.0                    ,0.0                    ,"[0, 2, 12, 13, 9, 6, 8, 14, 4, 7, 10, 11, 1, 3, 5, 0]",7168.399825216833 ,PSO_POP_200_ALPHA_0_9_BETA_0_3_NR_ITER_100,"{'suffix': 'PSO_POP_200_ALPHA_0_9_BETA_0_3_NR_ITER_100', 'size_of_population': 200, 'alpha': 0.9, 'beta': 0.3, 'max_iterations': 100}",99.4                  ,99.4                  ,nan                   ,99.4                  ,0.22236350000000016 ,nan                                    ,nan                                         ,nan                                   ,nan                                        ,nan                                               ,nan                                                    ,[99.4]
15              ,29             ,TSP_CITIES_SET_29_N_15.json,TIME_AND_DATA      ,particle_swarm,7209.993150246404 ,7209.993150246404     ,"[0, 13, 12, 10, 7, 3, 5, 2, 8, 4, 9, 11, 14, 1, 6, 0]",True               ,0.0                    ,0.0                    ,"[0, 6, 1, 14, 11, 9, 4, 8, 2, 5, 3, 7, 10, 12, 13, 0]",7209.993150246404 ,PSO_POP_200_ALPHA_0_9_BETA_0_3_NR_ITER_100,"{'suffix': 'PSO_POP_200_ALPHA_0_9_BETA_0_3_NR_ITER_100', 'size_of_population': 200, 'alpha': 0.9, 'beta': 0.3, 'max_iterations': 100}",86.0                  ,95.23333333333333     ,8.008953323208555     ,100.3                 ,0.3342961999999998  ,nan                                    ,nan                                         ,nan                                   ,nan                                        ,nan                                               ,nan                                                    ,"[100.3, 99.4, 86.0]"
15              ,30             ,TSP_CITIES_SET_30_N_15.json,TIME_AND_DATA      ,particle_swarm,7206.686601277032 ,7206.686601277032     ,"[0, 1, 11, 3, 2, 8, 12, 4, 14, 7, 5, 13, 9, 6, 10, 0]",False              ,564.507115122181       ,8.498823560833545      ,"[0, 6, 9, 13, 5, 7, 14, 4, 12, 8, 2, 3, 11, 1, 10, 0]",6642.1794861548515,PSO_POP_200_ALPHA_0_9_BETA_0_3_NR_ITER_100,"{'suffix': 'PSO_POP_200_ALPHA_0_9_BETA_0_3_NR_ITER_100', 'size_of_population': 200, 'alpha': 0.9, 'beta': 0.3, 'max_iterations': 100}",86.0                  ,93.15                 ,10.111626970967627    ,100.3                 ,0.2715714           ,nan                                    ,nan                                         ,nan                                   ,nan                                        ,nan                                               ,nan                                                    ,"[100.3, 86.0]"
15              ,31             ,TSP_CITIES_SET_31_N_15.json,TIME_AND_DATA      ,particle_swarm,6860.294233236955 ,6860.294233236955     ,"[0, 5, 6, 2, 9, 3, 1, 4, 14, 12, 7, 10, 8, 11, 13, 0]",True               ,0.0                    ,0.0                    ,"[0, 5, 6, 2, 9, 3, 1, 4, 14, 12, 7, 10, 8, 11, 13, 0]",6860.294233236956 ,PSO_POP_200_ALPHA_0_9_BETA_0_3_NR_ITER_100,"{'suffix': 'PSO_POP_200_ALPHA_0_9_BETA_0_3_NR_ITER_100', 'size_of_population': 200, 'alpha': 0.9, 'beta': 0.3, 'max_iterations': 100}",99.4                  ,99.85                 ,0.6363961030678867    ,100.3                 ,0.3231919000000003  ,nan                                    ,nan                                         ,nan                                   ,nan                                        ,nan                                               ,nan                                                    ,"[99.4, 100.3]"
15              ,32             ,TSP_CITIES_SET_32_N_15.json,TIME_AND_DATA      ,particle_swarm,6974.657076165805 ,6974.657076165806     ,"[0, 11, 9, 4, 8, 12, 7, 5, 1, 6, 10, 3, 13, 14, 2, 0]",False              ,125.76385154939089     ,1.836265326744593      ,"[0, 2, 1, 5, 7, 12, 8, 4, 9, 11, 13, 3, 10, 6, 14, 0]",6848.893224616415 ,PSO_POP_200_ALPHA_0_9_BETA_0_3_NR_ITER_100,"{'suffix': 'PSO_POP_200_ALPHA_0_9_BETA_0_3_NR_ITER_100', 'size_of_population': 200, 'alpha': 0.9, 'beta': 0.3, 'max_iterations': 100}",99.4                  ,99.85                 ,0.6363961030678867    ,100.3                 ,0.2316547           ,nan                                    ,nan                                         ,nan                                   ,nan                                        ,nan                                               ,nan                                                    ,"[100.3, 99.4]"
15              ,33             ,TSP_CITIES_SET_33_N_15.json,TIME_AND_DATA      ,particle_swarm,7467.105197424841 ,7467.105197424842     ,"[0, 13, 4, 14, 8, 10, 2, 5, 1, 6, 12, 11, 3, 9, 7, 0]",False              ,260.44910476151836     ,3.6140076814081135     ,"[0, 3, 7, 9, 4, 14, 8, 10, 2, 5, 1, 6, 12, 11, 13, 0]",7206.656092663324 ,PSO_POP_200_ALPHA_0_9_BETA_0_3_NR_ITER_100,"{'suffix': 'PSO_POP_200_ALPHA_0_9_BETA_0_3_NR_ITER_100', 'size_of_population': 200, 'alpha': 0.9, 'beta': 0.3, 'max_iterations': 100}",99.4                  ,99.85                 ,0.6363961030678867    ,100.3                 ,0.3164024999999997  ,nan                                    ,nan                                         ,nan                                   ,nan                                        ,nan                                               ,nan                                                    ,"[100.3, 99.4]"
15              ,34             ,TSP_CITIES_SET_34_N_15.json,TIME_AND_DATA      ,particle_swarm,7894.285906861651 ,7894.285906861651     ,"[0, 4, 9, 10, 2, 8, 14, 12, 11, 6, 13, 3, 7, 1, 5, 0]",False              ,283.8370392232682      ,3.7295702810673554     ,"[0, 4, 9, 10, 2, 8, 14, 11, 12, 6, 13, 3, 7, 1, 5, 0]",7610.448867638383 ,PSO_POP_200_ALPHA_0_9_BETA_0_3_NR_ITER_100,"{'suffix': 'PSO_POP_200_ALPHA_0_9_BETA_0_3_NR_ITER_100', 'size_of_population': 200, 'alpha': 0.9, 'beta': 0.3, 'max_iterations': 100}",99.4                  ,99.85                 ,0.6363961030678867    ,100.3                 ,0.2981245000000001  ,nan                                    ,nan                                         ,nan                                   ,nan                                        ,nan                                               ,nan                                                    ,"[100.3, 99.4]"
15              ,35             ,TSP_CITIES_SET_35_N_15.json,TIME_AND_DATA      ,particle_swarm,6893.2859419859   ,6893.2859419859       ,"[0, 1, 6, 3, 10, 14, 7, 5, 8, 11, 13, 2, 9, 12, 4, 0]",False              ,219.10924779825928     ,3.282940470980871      ,"[0, 8, 11, 13, 2, 9, 12, 4, 6, 3, 10, 14, 5, 7, 1, 0]",6674.17669418764  ,PSO_POP_200_ALPHA_0_9_BETA_0_3_NR_ITER_100,"{'suffix': 'PSO_POP_200_ALPHA_0_9_BETA_0_3_NR_ITER_100', 'size_of_population': 200, 'alpha': 0.9, 'beta': 0.3, 'max_iterations': 100}",99.4                  ,99.85                 ,0.6363961030678867    ,100.3                 ,0.2312997000000001  ,nan                                    ,nan                                         ,nan                                   ,nan                                        ,nan                                               ,nan                                                    ,"[100.3, 99.4]"
15              ,36             ,TSP_CITIES_SET_36_N_15.json,TIME_AND_DATA      ,particle_swarm,6518.006155110195 ,6518.006155110195     ,"[0, 1, 10, 6, 8, 4, 14, 7, 9, 13, 3, 11, 12, 2, 5, 0]",False              ,23.564074591394274     ,0.36283447137174074    ,"[0, 1, 10, 6, 8, 4, 14, 7, 9, 13, 3, 11, 12, 5, 2, 0]",6494.442080518801 ,PSO_POP_200_ALPHA_0_9_BETA_0_3_NR_ITER_100,"{'suffix': 'PSO_POP_200_ALPHA_0_9_BETA_0_3_NR_ITER_100', 'size_of_population': 200, 'alpha': 0.9, 'beta': 0.3, 'max_iterations': 100}",99.4                  ,99.85                 ,0.6363961030678867    ,100.3                 ,0.2733217999999997  ,nan                                    ,nan                                         ,nan                                   ,nan                                        ,nan                                               ,nan                                                    ,"[100.3, 99.4]"
15              ,37             ,TSP_CITIES_SET_37_N_15.json,TIME_AND_DATA      ,particle_swarm,6546.416449289105 ,6546.416449289106     ,"[0, 3, 10, 12, 6, 1, 2, 5, 13, 11, 4, 7, 9, 8, 14, 0]",False              ,166.45280192357768     ,2.608992952370675      ,"[0, 4, 11, 13, 5, 2, 1, 6, 12, 10, 3, 14, 8, 9, 7, 0]",6379.963647365528 ,PSO_POP_200_ALPHA_0_9_BETA_0_3_NR_ITER_100,"{'suffix': 'PSO_POP_200_ALPHA_0_9_BETA_0_3_NR_ITER_100', 'size_of_population': 200, 'alpha': 0.9, 'beta': 0.3, 'max_iterations': 100}",99.4                  ,99.85                 ,0.6363961030678867    ,100.3                 ,0.3239882000000005  ,nan                                    ,nan                                         ,nan                                   ,nan                                        ,nan                                               ,nan                                                    ,"[99.4, 100.3]"
15              ,38             ,TSP_CITIES_SET_38_N_15.json,TIME_AND_DATA      ,particle_swarm,6423.076809334307 ,6423.076809334308     ,"[0, 2, 13, 8, 1, 6, 11, 10, 5, 12, 14, 7, 4, 9, 3, 0]",False              ,325.1021243716723      ,5.331313118982951      ,"[0, 2, 13, 8, 1, 6, 11, 10, 5, 12, 14, 7, 3, 9, 4, 0]",6097.974684962635 ,PSO_POP_200_ALPHA_0_9_BETA_0_3_NR_ITER_100,"{'suffix': 'PSO_POP_200_ALPHA_0_9_BETA_0_3_NR_ITER_100', 'size_of_population': 200, 'alpha': 0.9, 'beta': 0.3, 'max_iterations': 100}",99.4                  ,99.85                 ,0.6363961030678867    ,100.3                 ,0.27818590000000043 ,nan                                    ,nan                                         ,nan                                   ,nan                                        ,nan                                               ,nan                                                    ,"[100.3, 99.4]"
15              ,39             ,TSP_CITIES_SET_39_N_15.json,TIME_AND_DATA      ,particle_swarm,6389.114197628325 ,6389.114197628326     ,"[0, 8, 1, 2, 12, 9, 3, 13, 7, 6, 10, 14, 11, 4, 5, 0]",True               ,0.0                    ,0.0                    ,"[0, 5, 4, 11, 14, 10, 6, 7, 13, 3, 9, 12, 2, 1, 8, 0]",6389.114197628326 ,PSO_POP_200_ALPHA_0_9_BETA_0_3_NR_ITER_100,"{'suffix': 'PSO_POP_200_ALPHA_0_9_BETA_0_3_NR_ITER_100', 'size_of_population': 200, 'alpha': 0.9, 'beta': 0.3, 'max_iterations': 100}",100.0                 ,100.15                ,0.21213203435596226   ,100.3                 ,0.31104669999999945 ,nan                                    ,nan                                         ,nan                                   ,nan                                        ,nan                                               ,nan                                                    ,"[100.0, 100.3]"
15              ,40             ,TSP_CITIES_SET_40_N_15.json,TIME_AND_DATA      ,particle_swarm,6929.524082461323 ,6929.524082461323     ,"[0, 5, 1, 10, 13, 4, 12, 7, 14, 9, 2, 8, 6, 11, 3, 0]",False              ,302.6133999994563      ,4.5664324524596855     ,"[0, 12, 7, 4, 13, 5, 1, 10, 14, 9, 2, 8, 6, 11, 3, 0]",6626.910682461867 ,PSO_POP_200_ALPHA_0_9_BETA_0_3_NR_ITER_100,"{'suffix': 'PSO_POP_200_ALPHA_0_9_BETA_0_3_NR_ITER_100', 'size_of_population': 200, 'alpha': 0.9, 'beta': 0.3, 'max_iterations': 100}",99.7                  ,100.0                 ,0.29999999999999716   ,100.3                 ,0.38900380000000023 ,nan                                    ,nan                                         ,nan                                   ,nan                                        ,nan                                               ,nan                                                    ,"[100.3, 99.7, 100.0]"
15              ,41             ,TSP_CITIES_SET_41_N_15.json,TIME_AND_DATA      ,particle_swarm,7657.226431344574 ,7657.226431344573     ,"[0, 7, 14, 1, 13, 6, 9, 5, 2, 10, 8, 3, 4, 12, 11, 0]",False              ,1453.6464320841815     ,23.432379888024162     ,"[0, 4, 12, 11, 9, 5, 2, 10, 8, 3, 6, 13, 1, 14, 7, 0]",6203.579999260392 ,PSO_POP_200_ALPHA_0_9_BETA_0_3_NR_ITER_100,"{'suffix': 'PSO_POP_200_ALPHA_0_9_BETA_0_3_NR_ITER_100', 'size_of_population': 200, 'alpha': 0.9, 'beta': 0.3, 'max_iterations': 100}",99.4                  ,100.0                 ,0.5196152422706583    ,100.3                 ,0.32871580000000034 ,nan                                    ,nan                                         ,nan                                   ,nan                                        ,nan                                               ,nan                                                    ,"[100.3, 100.3, 99.4]"
15              ,42             ,TSP_CITIES_SET_42_N_15.json,TIME_AND_DATA      ,particle_swarm,6647.300780666997 ,6647.300780666997     ,"[0, 6, 13, 3, 4, 2, 12, 1, 10, 8, 7, 5, 14, 11, 9, 0]",True               ,0.0                    ,0.0                    ,"[0, 9, 11, 14, 5, 7, 8, 10, 1, 12, 2, 4, 3, 13, 6, 0]",6647.300780666998 ,PSO_POP_200_ALPHA_0_9_BETA_0_3_NR_ITER_100,"{'suffix': 'PSO_POP_200_ALPHA_0_9_BETA_0_3_NR_ITER_100', 'size_of_population': 200, 'alpha': 0.9, 'beta': 0.3, 'max_iterations': 100}",99.4                  ,99.85                 ,0.6363961030678867    ,100.3                 ,0.3248842999999999  ,nan                                    ,nan                                         ,nan                                   ,nan                                        ,nan                                               ,nan                                                    ,"[99.4, 100.3]"
15              ,43             ,TSP_CITIES_SET_43_N_15.json,TIME_AND_DATA      ,particle_swarm,6419.458685078493 ,6419.458685078493     ,"[0, 6, 12, 5, 10, 11, 8, 14, 3, 9, 4, 1, 13, 2, 7, 0]",False              ,209.32356164541488     ,3.3706764423782287     ,"[0, 7, 2, 13, 1, 4, 9, 3, 14, 12, 6, 5, 8, 11, 10, 0]",6210.135123433078 ,PSO_POP_200_ALPHA_0_9_BETA_0_3_NR_ITER_100,"{'suffix': 'PSO_POP_200_ALPHA_0_9_BETA_0_3_NR_ITER_100', 'size_of_population': 200, 'alpha': 0.9, 'beta': 0.3, 'max_iterations': 100}",99.4                  ,99.85                 ,0.6363961030678867    ,100.3                 ,0.3249512000000001  ,nan                                    ,nan                                         ,nan                                   ,nan                                        ,nan                                               ,nan                                                    ,"[99.4, 100.3]"
15              ,44             ,TSP_CITIES_SET_44_N_15.json,TIME_AND_DATA      ,particle_swarm,8416.54957970782  ,8416.54957970782      ,"[0, 4, 14, 7, 3, 11, 9, 8, 10, 2, 12, 5, 6, 13, 1, 0]",False              ,408.59752652632324     ,5.10239726477871       ,"[0, 1, 13, 5, 12, 6, 14, 7, 3, 4, 11, 9, 8, 10, 2, 0]",8007.952053181497 ,PSO_POP_200_ALPHA_0_9_BETA_0_3_NR_ITER_100,"{'suffix': 'PSO_POP_200_ALPHA_0_9_BETA_0_3_NR_ITER_100', 'size_of_population': 200, 'alpha': 0.9, 'beta': 0.3, 'max_iterations': 100}",99.4                  ,99.7                  ,0.42426406871192446   ,100.0                 ,0.2751726999999997  ,nan                                    ,nan                                         ,nan                                   ,nan                                        ,nan                                               ,nan                                                    ,"[100.0, 99.4]"
15              ,45             ,TSP_CITIES_SET_45_N_15.json,TIME_AND_DATA      ,particle_swarm,6878.737214877046 ,6878.737214877046     ,"[0, 1, 4, 10, 3, 11, 14, 7, 13, 6, 2, 8, 5, 12, 9, 0]",False              ,161.47535495021657     ,2.403886558502805      ,"[0, 1, 4, 10, 3, 11, 14, 7, 13, 6, 8, 2, 5, 12, 9, 0]",6717.26185992683  ,PSO_POP_200_ALPHA_0_9_BETA_0_3_NR_ITER_100,"{'suffix': 'PSO_POP_200_ALPHA_0_9_BETA_0_3_NR_ITER_100', 'size_of_population': 200, 'alpha': 0.9, 'beta': 0.3, 'max_iterations': 100}",100.3                 ,100.3                 ,0.0                   ,100.3                 ,0.31816580000000005 ,nan                                    ,nan                                         ,nan                                   ,nan                                        ,nan                                               ,nan                                                    ,"[100.3, 100.3]"
15              ,46             ,TSP_CITIES_SET_46_N_15.json,TIME_AND_DATA      ,particle_swarm,8616.22531630314  ,8616.225316303142     ,"[0, 6, 12, 5, 9, 3, 1, 10, 14, 2, 7, 8, 13, 4, 11, 0]",False              ,1234.3070962824277     ,16.720682341546777     ,"[0, 11, 4, 3, 9, 5, 12, 1, 10, 14, 2, 7, 8, 13, 6, 0]",7381.918220020714 ,PSO_POP_200_ALPHA_0_9_BETA_0_3_NR_ITER_100,"{'suffix': 'PSO_POP_200_ALPHA_0_9_BETA_0_3_NR_ITER_100', 'size_of_population': 200, 'alpha': 0.9, 'beta': 0.3, 'max_iterations': 100}",99.4                  ,99.85                 ,0.6363961030678867    ,100.3                 ,0.26122270000000025 ,nan                                    ,nan                                         ,nan                                   ,nan                                        ,nan                                               ,nan                                                    ,"[100.3, 99.4]"
15              ,47             ,TSP_CITIES_SET_47_N_15.json,TIME_AND_DATA      ,particle_swarm,7008.175744862321 ,7008.175744862321     ,"[0, 9, 6, 4, 3, 1, 12, 7, 13, 5, 8, 2, 14, 10, 11, 0]",False              ,287.8802546768766      ,4.283743997526701      ,"[0, 9, 3, 4, 6, 1, 12, 7, 8, 2, 14, 5, 13, 10, 11, 0]",6720.295490185445 ,PSO_POP_200_ALPHA_0_9_BETA_0_3_NR_ITER_100,"{'suffix': 'PSO_POP_200_ALPHA_0_9_BETA_0_3_NR_ITER_100', 'size_of_population': 200, 'alpha': 0.9, 'beta': 0.3, 'max_iterations': 100}",100.0                 ,100.15                ,0.21213203435596226   ,100.3                 ,0.28960659999999994 ,nan                                    ,nan                                         ,nan                                   ,nan                                        ,nan                                               ,nan                                                    ,"[100.3, 100.0]"
15              ,48             ,TSP_CITIES_SET_48_N_15.json,TIME_AND_DATA      ,particle_swarm,7686.671874626685 ,7686.671874626685     ,"[0, 10, 2, 13, 12, 7, 4, 9, 14, 6, 11, 3, 8, 1, 5, 0]",False              ,130.92826417874676     ,1.7328309552179832     ,"[0, 5, 1, 8, 11, 3, 6, 14, 9, 4, 7, 12, 13, 2, 10, 0]",7555.743610447938 ,PSO_POP_200_ALPHA_0_9_BETA_0_3_NR_ITER_100,"{'suffix': 'PSO_POP_200_ALPHA_0_9_BETA_0_3_NR_ITER_100', 'size_of_population': 200, 'alpha': 0.9, 'beta': 0.3, 'max_iterations': 100}",99.4                  ,99.85                 ,0.6363961030678867    ,100.3                 ,0.2975791000000001  ,nan                                    ,nan                                         ,nan                                   ,nan                                        ,nan                                               ,nan                                                    ,"[100.3, 99.4]"
15              ,49             ,TSP_CITIES_SET_49_N_15.json,TIME_AND_DATA      ,particle_swarm,6531.9213089671375,6531.9213089671375    ,"[0, 13, 11, 5, 8, 2, 1, 10, 9, 12, 3, 6, 4, 14, 7, 0]",False              ,154.65167475302042     ,2.4250452564105585     ,"[0, 5, 11, 13, 8, 2, 1, 10, 9, 12, 3, 6, 4, 14, 7, 0]",6377.269634214117 ,PSO_POP_200_ALPHA_0_9_BETA_0_3_NR_ITER_100,"{'suffix': 'PSO_POP_200_ALPHA_0_9_BETA_0_3_NR_ITER_100', 'size_of_population': 200, 'alpha': 0.9, 'beta': 0.3, 'max_iterations': 100}",100.3                 ,100.3                 ,nan                   ,100.3                 ,0.2097036999999995  ,nan                                    ,nan                                         ,nan                                   ,nan                                        ,nan                                               ,nan                                                    ,[100.3]
15              ,50             ,TSP_CITIES_SET_50_N_15.json,TIME_AND_DATA      ,particle_swarm,7355.064100961972 ,7355.064100961971     ,"[0, 7, 12, 4, 9, 5, 14, 6, 13, 2, 11, 8, 1, 3, 10, 0]",False              ,586.6137752428176      ,8.666884545399828      ,"[0, 10, 2, 3, 1, 8, 11, 13, 6, 14, 5, 9, 4, 12, 7, 0]",6768.450325719154 ,PSO_POP_200_ALPHA_0_9_BETA_0_3_NR_ITER_100,"{'suffix': 'PSO_POP_200_ALPHA_0_9_BETA_0_3_NR_ITER_100', 'size_of_population': 200, 'alpha': 0.9, 'beta': 0.3, 'max_iterations': 100}",99.4                  ,99.85                 ,0.6363961030678867    ,100.3                 ,0.2500941000000001  ,nan                                    ,nan                                         ,nan                                   ,nan                                        ,nan                                               ,nan                                                    ,"[99.4, 100.3]"
15              ,51             ,TSP_CITIES_SET_51_N_15.json,TIME_AND_DATA      ,particle_swarm,8342.143741370872 ,8342.143741370872     ,"[0, 6, 10, 7, 9, 5, 8, 11, 1, 13, 2, 3, 4, 12, 14, 0]",False              ,766.4443430815054      ,10.117143022525058     ,"[0, 6, 10, 7, 9, 5, 8, 11, 1, 14, 12, 4, 3, 2, 13, 0]",7575.699398289366 ,PSO_POP_200_ALPHA_0_9_BETA_0_3_NR_ITER_100,"{'suffix': 'PSO_POP_200_ALPHA_0_9_BETA_0_3_NR_ITER_100', 'size_of_population': 200, 'alpha': 0.9, 'beta': 0.3, 'max_iterations': 100}",99.4                  ,100.0                 ,0.5196152422706583    ,100.3                 ,0.3475951000000004  ,nan                                    ,nan                                         ,nan                                   ,nan                                        ,nan                                               ,nan                                                    ,"[99.4, 100.3, 100.3]"
15              ,52             ,TSP_CITIES_SET_52_N_15.json,TIME_AND_DATA      ,particle_swarm,6554.482719016274 ,6554.482719016273     ,"[0, 14, 3, 6, 10, 12, 8, 9, 11, 13, 4, 5, 2, 1, 7, 0]",False              ,309.6219358074077      ,4.958027833701542      ,"[0, 7, 12, 8, 9, 11, 13, 4, 5, 2, 1, 14, 3, 6, 10, 0]",6244.8607832088655,PSO_POP_200_ALPHA_0_9_BETA_0_3_NR_ITER_100,"{'suffix': 'PSO_POP_200_ALPHA_0_9_BETA_0_3_NR_ITER_100', 'size_of_population': 200, 'alpha': 0.9, 'beta': 0.3, 'max_iterations': 100}",85.2                  ,92.75                 ,10.677312395916863    ,100.3                 ,0.29848619999999926 ,nan                                    ,nan                                         ,nan                                   ,nan                                        ,nan                                               ,nan                                                    ,"[100.3, 85.2]"
15              ,53             ,TSP_CITIES_SET_53_N_15.json,TIME_AND_DATA      ,particle_swarm,6656.550740394076 ,6656.550740394075     ,"[0, 6, 5, 2, 12, 9, 14, 10, 3, 11, 8, 13, 7, 4, 1, 0]",False              ,254.953962272446       ,3.982661999952693      ,"[0, 4, 1, 6, 5, 2, 7, 13, 8, 11, 3, 10, 14, 9, 12, 0]",6401.596778121629 ,PSO_POP_200_ALPHA_0_9_BETA_0_3_NR_ITER_100,"{'suffix': 'PSO_POP_200_ALPHA_0_9_BETA_0_3_NR_ITER_100', 'size_of_population': 200, 'alpha': 0.9, 'beta': 0.3, 'max_iterations': 100}",100.3                 ,100.3                 ,0.0                   ,100.3                 ,0.25819599999999987 ,nan                                    ,nan                                         ,nan                                   ,nan                                        ,nan                                               ,nan                                                    ,"[100.3, 100.3]"
15              ,54             ,TSP_CITIES_SET_54_N_15.json,TIME_AND_DATA      ,particle_swarm,8030.28159463397  ,8030.281594633969     ,"[0, 1, 3, 12, 11, 4, 2, 7, 9, 6, 8, 14, 5, 10, 13, 0]",False              ,113.62694901992836     ,1.4352899565080763     ,"[0, 2, 7, 9, 6, 8, 14, 5, 10, 13, 1, 3, 12, 11, 4, 0]",7916.65464561404  ,PSO_POP_200_ALPHA_0_9_BETA_0_3_NR_ITER_100,"{'suffix': 'PSO_POP_200_ALPHA_0_9_BETA_0_3_NR_ITER_100', 'size_of_population': 200, 'alpha': 0.9, 'beta': 0.3, 'max_iterations': 100}",99.4                  ,99.85                 ,0.6363961030678867    ,100.3                 ,0.2581372000000002  ,nan                                    ,nan                                         ,nan                                   ,nan                                        ,nan                                               ,nan                                                    ,"[100.3, 99.4]"
15              ,55             ,TSP_CITIES_SET_55_N_15.json,TIME_AND_DATA      ,particle_swarm,6543.091641321738 ,6543.091641321739     ,"[0, 9, 7, 6, 11, 5, 12, 4, 2, 13, 1, 8, 3, 14, 10, 0]",False              ,253.6187458459617      ,4.032432448010038      ,"[0, 5, 11, 6, 7, 9, 3, 8, 1, 14, 10, 13, 2, 4, 12, 0]",6289.4728954757775,PSO_POP_200_ALPHA_0_9_BETA_0_3_NR_ITER_100,"{'suffix': 'PSO_POP_200_ALPHA_0_9_BETA_0_3_NR_ITER_100', 'size_of_population': 200, 'alpha': 0.9, 'beta': 0.3, 'max_iterations': 100}",86.0                  ,92.7                  ,9.475230867899741     ,99.4                  ,0.3096117999999999  ,nan                                    ,nan                                         ,nan                                   ,nan                                        ,nan                                               ,nan                                                    ,"[99.4, 86.0]"
15              ,56             ,TSP_CITIES_SET_56_N_15.json,TIME_AND_DATA      ,particle_swarm,7611.287498813575 ,7611.287498813575     ,"[0, 5, 6, 10, 9, 7, 8, 4, 12, 2, 1, 13, 3, 11, 14, 0]",False              ,1103.5142185709592     ,16.95686329333555      ,"[0, 14, 11, 8, 7, 9, 10, 6, 5, 4, 12, 2, 1, 13, 3, 0]",6507.773280242616 ,PSO_POP_200_ALPHA_0_9_BETA_0_3_NR_ITER_100,"{'suffix': 'PSO_POP_200_ALPHA_0_9_BETA_0_3_NR_ITER_100', 'size_of_population': 200, 'alpha': 0.9, 'beta': 0.3, 'max_iterations': 100}",99.4                  ,99.85                 ,0.6363961030678867    ,100.3                 ,0.29165119999999956 ,nan                                    ,nan                                         ,nan                                   ,nan                                        ,nan                                               ,nan                                                    ,"[100.3, 99.4]"
15              ,57             ,TSP_CITIES_SET_57_N_15.json,TIME_AND_DATA      ,particle_swarm,7826.2672754394835,7826.2672754394835    ,"[0, 6, 9, 14, 1, 10, 12, 2, 8, 3, 11, 7, 4, 5, 13, 0]",False              ,126.01733288491414     ,1.636535616701134      ,"[0, 2, 12, 10, 1, 14, 9, 6, 13, 5, 4, 7, 11, 3, 8, 0]",7700.249942554569 ,PSO_POP_200_ALPHA_0_9_BETA_0_3_NR_ITER_100,"{'suffix': 'PSO_POP_200_ALPHA_0_9_BETA_0_3_NR_ITER_100', 'size_of_population': 200, 'alpha': 0.9, 'beta': 0.3, 'max_iterations': 100}",84.0                  ,92.0                  ,11.313708498984761    ,100.0                 ,0.30172869999999996 ,nan                                    ,nan                                         ,nan                                   ,nan                                        ,nan                                               ,nan                                                    ,"[100.0, 84.0]"
15              ,58             ,TSP_CITIES_SET_58_N_15.json,TIME_AND_DATA      ,particle_swarm,7763.884494197834 ,7763.884494197834     ,"[0, 11, 5, 9, 8, 1, 4, 14, 2, 3, 10, 6, 12, 7, 13, 0]",False              ,884.6208849821114      ,12.859238070148086     ,"[0, 7, 13, 4, 14, 2, 3, 12, 6, 10, 9, 8, 1, 5, 11, 0]",6879.263609215723 ,PSO_POP_200_ALPHA_0_9_BETA_0_3_NR_ITER_100,"{'suffix': 'PSO_POP_200_ALPHA_0_9_BETA_0_3_NR_ITER_100', 'size_of_population': 200, 'alpha': 0.9, 'beta': 0.3, 'max_iterations': 100}",85.2                  ,92.75                 ,10.677312395916863    ,100.3                 ,0.22080190000000055 ,nan                                    ,nan                                         ,nan                                   ,nan                                        ,nan                                               ,nan                                                    ,"[100.3, 85.2]"
15              ,59             ,TSP_CITIES_SET_59_N_15.json,TIME_AND_DATA      ,particle_swarm,6241.181744548774 ,6241.181744548773     ,"[0, 5, 11, 2, 9, 13, 8, 12, 3, 6, 4, 14, 7, 10, 1, 0]",False              ,25.487150854085485     ,0.4100450958439964     ,"[0, 11, 2, 9, 5, 13, 8, 12, 3, 6, 4, 14, 7, 10, 1, 0]",6215.694593694688 ,PSO_POP_200_ALPHA_0_9_BETA_0_3_NR_ITER_100,"{'suffix': 'PSO_POP_200_ALPHA_0_9_BETA_0_3_NR_ITER_100', 'size_of_population': 200, 'alpha': 0.9, 'beta': 0.3, 'max_iterations': 100}",100.3                 ,100.3                 ,0.0                   ,100.3                 ,0.25358079999999994 ,nan                                    ,nan                                         ,nan                                   ,nan                                        ,nan                                               ,nan                                                    ,"[100.3, 100.3]"
15              ,60             ,TSP_CITIES_SET_60_N_15.json,TIME_AND_DATA      ,particle_swarm,6765.71281629312  ,6765.71281629312      ,"[0, 1, 9, 12, 5, 10, 7, 11, 13, 8, 6, 14, 3, 2, 4, 0]",False              ,189.00734869234384     ,2.8738910328805543     ,"[0, 6, 14, 3, 2, 4, 1, 9, 12, 5, 10, 7, 11, 13, 8, 0]",6576.7054676007765,PSO_POP_200_ALPHA_0_9_BETA_0_3_NR_ITER_100,"{'suffix': 'PSO_POP_200_ALPHA_0_9_BETA_0_3_NR_ITER_100', 'size_of_population': 200, 'alpha': 0.9, 'beta': 0.3, 'max_iterations': 100}",99.4                  ,99.85                 ,0.6363961030678867    ,100.3                 ,0.3035990000000002  ,nan                                    ,nan                                         ,nan                                   ,nan                                        ,nan                                               ,nan                                                    ,"[99.4, 100.3]"
15              ,61             ,TSP_CITIES_SET_61_N_15.json,TIME_AND_DATA      ,particle_swarm,7615.163694816341 ,7615.163694816343     ,"[0, 3, 12, 9, 4, 14, 2, 13, 10, 1, 11, 5, 6, 7, 8, 0]",False              ,419.1055988934868      ,5.824099712743338      ,"[0, 10, 13, 2, 14, 4, 9, 12, 5, 6, 7, 8, 1, 11, 3, 0]",7196.058095922856 ,PSO_POP_200_ALPHA_0_9_BETA_0_3_NR_ITER_100,"{'suffix': 'PSO_POP_200_ALPHA_0_9_BETA_0_3_NR_ITER_100', 'size_of_population': 200, 'alpha': 0.9, 'beta': 0.3, 'max_iterations': 100}",99.4                  ,99.85                 ,0.6363961030678867    ,100.3                 ,0.32421539999999993 ,nan                                    ,nan                                         ,nan                                   ,nan                                        ,nan                                               ,nan                                                    ,"[99.4, 100.3]"
15              ,62             ,TSP_CITIES_SET_62_N_15.json,TIME_AND_DATA      ,particle_swarm,6962.29450731218  ,6962.294507312179     ,"[0, 4, 3, 5, 6, 7, 10, 2, 1, 14, 11, 13, 9, 8, 12, 0]",True               ,0.0                    ,0.0                    ,"[0, 4, 3, 5, 6, 7, 10, 2, 1, 14, 11, 13, 9, 8, 12, 0]",6962.294507312179 ,PSO_POP_200_ALPHA_0_9_BETA_0_3_NR_ITER_100,"{'suffix': 'PSO_POP_200_ALPHA_0_9_BETA_0_3_NR_ITER_100', 'size_of_population': 200, 'alpha': 0.9, 'beta': 0.3, 'max_iterations': 100}",100.0                 ,100.2                 ,0.1732050807568861    ,100.3                 ,0.35594570000000036 ,nan                                    ,nan                                         ,nan                                   ,nan                                        ,nan                                               ,nan                                                    ,"[100.0, 100.3, 100.3]"
15              ,63             ,TSP_CITIES_SET_63_N_15.json,TIME_AND_DATA      ,particle_swarm,7027.154938246093 ,7027.154938246091     ,"[0, 14, 12, 7, 5, 6, 4, 10, 2, 9, 11, 8, 13, 3, 1, 0]",False              ,291.8425448854732      ,4.333021660185489      ,"[0, 3, 13, 1, 4, 10, 2, 9, 11, 8, 6, 5, 7, 12, 14, 0]",6735.3123933606175,PSO_POP_200_ALPHA_0_9_BETA_0_3_NR_ITER_100,"{'suffix': 'PSO_POP_200_ALPHA_0_9_BETA_0_3_NR_ITER_100', 'size_of_population': 200, 'alpha': 0.9, 'beta': 0.3, 'max_iterations': 100}",99.4                  ,99.85                 ,0.6363961030678867    ,100.3                 ,0.2696274000000001  ,nan                                    ,nan                                         ,nan                                   ,nan                                        ,nan                                               ,nan                                                    ,"[99.4, 100.3]"
15              ,64             ,TSP_CITIES_SET_64_N_15.json,TIME_AND_DATA      ,particle_swarm,7909.669989716024 ,7909.669989716024     ,"[0, 1, 9, 12, 7, 5, 2, 10, 14, 4, 3, 13, 6, 11, 8, 0]",True               ,0.0                    ,0.0                    ,"[0, 8, 11, 6, 13, 3, 4, 14, 10, 2, 5, 7, 12, 9, 1, 0]",7909.669989716025 ,PSO_POP_200_ALPHA_0_9_BETA_0_3_NR_ITER_100,"{'suffix': 'PSO_POP_200_ALPHA_0_9_BETA_0_3_NR_ITER_100', 'size_of_population': 200, 'alpha': 0.9, 'beta': 0.3, 'max_iterations': 100}",99.4                  ,100.0                 ,0.5196152422706583    ,100.3                 ,0.3321012000000003  ,nan                                    ,nan                                         ,nan                                   ,nan                                        ,nan                                               ,nan                                                    ,"[100.3, 99.4, 100.3]"
15              ,65             ,TSP_CITIES_SET_65_N_15.json,TIME_AND_DATA      ,particle_swarm,7807.9616608092965,7807.961660809296     ,"[0, 11, 5, 8, 3, 1, 14, 13, 12, 6, 7, 10, 2, 4, 9, 0]",False              ,980.574023677399       ,14.362360478030897     ,"[0, 9, 4, 2, 10, 1, 14, 8, 3, 5, 11, 13, 12, 6, 7, 0]",6827.387637131897 ,PSO_POP_200_ALPHA_0_9_BETA_0_3_NR_ITER_100,"{'suffix': 'PSO_POP_200_ALPHA_0_9_BETA_0_3_NR_ITER_100', 'size_of_population': 200, 'alpha': 0.9, 'beta': 0.3, 'max_iterations': 100}",99.4                  ,99.85                 ,0.6363961030678867    ,100.3                 ,0.27414320000000014 ,nan                                    ,nan                                         ,nan                                   ,nan                                        ,nan                                               ,nan                                                    ,"[100.3, 99.4]"
15              ,66             ,TSP_CITIES_SET_66_N_15.json,TIME_AND_DATA      ,particle_swarm,8270.066628431066 ,8270.066628431068     ,"[0, 14, 9, 8, 2, 12, 10, 11, 3, 1, 13, 7, 4, 5, 6, 0]",False              ,810.8126057094842      ,10.869888640870432     ,"[0, 6, 5, 4, 7, 13, 1, 3, 11, 14, 9, 10, 12, 2, 8, 0]",7459.254022721584 ,PSO_POP_200_ALPHA_0_9_BETA_0_3_NR_ITER_100,"{'suffix': 'PSO_POP_200_ALPHA_0_9_BETA_0_3_NR_ITER_100', 'size_of_population': 200, 'alpha': 0.9, 'beta': 0.3, 'max_iterations': 100}",100.3                 ,100.3                 ,0.0                   ,100.3                 ,0.2114338999999994  ,nan                                    ,nan                                         ,nan                                   ,nan                                        ,nan                                               ,nan                                                    ,"[100.3, 100.3]"
15              ,67             ,TSP_CITIES_SET_67_N_15.json,TIME_AND_DATA      ,particle_swarm,7871.010253704198 ,7871.010253704198     ,"[0, 9, 11, 5, 7, 12, 3, 6, 10, 4, 8, 2, 13, 14, 1, 0]",False              ,778.5921699440441      ,10.977809835080416     ,"[0, 9, 1, 14, 13, 11, 5, 7, 12, 3, 6, 10, 4, 8, 2, 0]",7092.418083760153 ,PSO_POP_200_ALPHA_0_9_BETA_0_3_NR_ITER_100,"{'suffix': 'PSO_POP_200_ALPHA_0_9_BETA_0_3_NR_ITER_100', 'size_of_population': 200, 'alpha': 0.9, 'beta': 0.3, 'max_iterations': 100}",99.4                  ,99.85                 ,0.6363961030678867    ,100.3                 ,0.2633314999999996  ,nan                                    ,nan                                         ,nan                                   ,nan                                        ,nan                                               ,nan                                                    ,"[100.3, 99.4]"
15              ,68             ,TSP_CITIES_SET_68_N_15.json,TIME_AND_DATA      ,particle_swarm,8822.205382089642 ,8822.205382089642     ,"[0, 2, 12, 6, 4, 13, 9, 7, 1, 10, 14, 3, 11, 5, 8, 0]",False              ,820.7113068301005      ,10.256975748663283     ,"[0, 8, 1, 10, 14, 3, 11, 5, 2, 12, 4, 13, 9, 7, 6, 0]",8001.494075259541 ,PSO_POP_200_ALPHA_0_9_BETA_0_3_NR_ITER_100,"{'suffix': 'PSO_POP_200_ALPHA_0_9_BETA_0_3_NR_ITER_100', 'size_of_population': 200, 'alpha': 0.9, 'beta': 0.3, 'max_iterations': 100}",100.3                 ,100.3                 ,0.0                   ,100.3                 ,0.24760320000000036 ,nan                                    ,nan                                         ,nan                                   ,nan                                        ,nan                                               ,nan                                                    ,"[100.3, 100.3]"
15              ,69             ,TSP_CITIES_SET_69_N_15.json,TIME_AND_DATA      ,particle_swarm,8334.188990332406 ,8334.188990332406     ,"[0, 4, 1, 14, 3, 8, 9, 2, 12, 6, 13, 11, 7, 5, 10, 0]",False              ,505.1786273660118      ,6.452649874569853      ,"[0, 4, 1, 14, 3, 8, 9, 2, 12, 10, 5, 7, 11, 13, 6, 0]",7829.0103629663945,PSO_POP_200_ALPHA_0_9_BETA_0_3_NR_ITER_100,"{'suffix': 'PSO_POP_200_ALPHA_0_9_BETA_0_3_NR_ITER_100', 'size_of_population': 200, 'alpha': 0.9, 'beta': 0.3, 'max_iterations': 100}",99.4                  ,99.85                 ,0.6363961030678867    ,100.3                 ,0.3069344000000003  ,nan                                    ,nan                                         ,nan                                   ,nan                                        ,nan                                               ,nan                                                    ,"[100.3, 99.4]"
15              ,70             ,TSP_CITIES_SET_70_N_15.json,TIME_AND_DATA      ,particle_swarm,7429.720806854326 ,7429.720806854326     ,"[0, 2, 10, 13, 9, 7, 1, 5, 14, 3, 4, 12, 6, 8, 11, 0]",False              ,1011.7030585076172     ,15.763481781711084     ,"[0, 4, 6, 12, 3, 14, 5, 1, 7, 9, 13, 10, 2, 8, 11, 0]",6418.017748346709 ,PSO_POP_200_ALPHA_0_9_BETA_0_3_NR_ITER_100,"{'suffix': 'PSO_POP_200_ALPHA_0_9_BETA_0_3_NR_ITER_100', 'size_of_population': 200, 'alpha': 0.9, 'beta': 0.3, 'max_iterations': 100}",99.4                  ,100.0                 ,0.5196152422706583    ,100.3                 ,0.3827252000000003  ,nan                                    ,nan                                         ,nan                                   ,nan                                        ,nan                                               ,nan                                                    ,"[100.3, 99.4, 100.3]"
15              ,71             ,TSP_CITIES_SET_71_N_15.json,TIME_AND_DATA      ,particle_swarm,6570.885465066429 ,6570.885465066426     ,"[0, 2, 1, 9, 12, 4, 3, 6, 8, 5, 7, 14, 10, 13, 11, 0]",True               ,0.0                    ,0.0                    ,"[0, 11, 13, 10, 14, 7, 5, 8, 6, 3, 4, 12, 9, 1, 2, 0]",6570.885465066428 ,PSO_POP_200_ALPHA_0_9_BETA_0_3_NR_ITER_100,"{'suffix': 'PSO_POP_200_ALPHA_0_9_BETA_0_3_NR_ITER_100', 'size_of_population': 200, 'alpha': 0.9, 'beta': 0.3, 'max_iterations': 100}",99.4                  ,99.89999999999999     ,0.45825756949557966   ,100.3                 ,0.37613439999999976 ,nan                                    ,nan                                         ,nan                                   ,nan                                        ,nan                                               ,nan                                                    ,"[100.3, 99.4, 100.0]"
15              ,72             ,TSP_CITIES_SET_72_N_15.json,TIME_AND_DATA      ,particle_swarm,7746.860652498284 ,7746.860652498283     ,"[0, 11, 4, 12, 3, 10, 5, 13, 8, 6, 9, 14, 1, 2, 7, 0]",False              ,455.65933012523146     ,6.249441072584854      ,"[0, 6, 8, 11, 4, 13, 5, 10, 3, 12, 7, 2, 1, 14, 9, 0]",7291.201322373052 ,PSO_POP_200_ALPHA_0_9_BETA_0_3_NR_ITER_100,"{'suffix': 'PSO_POP_200_ALPHA_0_9_BETA_0_3_NR_ITER_100', 'size_of_population': 200, 'alpha': 0.9, 'beta': 0.3, 'max_iterations': 100}",99.4                  ,100.0                 ,0.5196152422706583    ,100.3                 ,0.3352263000000004  ,nan                                    ,nan                                         ,nan                                   ,nan                                        ,nan                                               ,nan                                                    ,"[100.3, 100.3, 99.4]"
15              ,73             ,TSP_CITIES_SET_73_N_15.json,TIME_AND_DATA      ,particle_swarm,7634.105380980622 ,7634.105380980623     ,"[0, 13, 4, 8, 2, 11, 1, 7, 14, 10, 5, 6, 12, 3, 9, 0]",False              ,1139.7427883976834     ,17.54972519858003      ,"[0, 10, 7, 14, 6, 5, 12, 3, 13, 4, 8, 2, 11, 1, 9, 0]",6494.362592582939 ,PSO_POP_200_ALPHA_0_9_BETA_0_3_NR_ITER_100,"{'suffix': 'PSO_POP_200_ALPHA_0_9_BETA_0_3_NR_ITER_100', 'size_of_population': 200, 'alpha': 0.9, 'beta': 0.3, 'max_iterations': 100}",99.4                  ,99.85                 ,0.6363961030678867    ,100.3                 ,0.3046812000000001  ,nan                                    ,nan                                         ,nan                                   ,nan                                        ,nan                                               ,nan                                                    ,"[99.4, 100.3]"
15              ,74             ,TSP_CITIES_SET_74_N_15.json,TIME_AND_DATA      ,particle_swarm,8675.057444522774 ,8675.057444522774     ,"[0, 9, 14, 1, 12, 13, 3, 8, 2, 10, 6, 5, 11, 4, 7, 0]",False              ,1086.9939907236003     ,14.325051409254714     ,"[0, 7, 12, 13, 3, 8, 4, 2, 10, 11, 5, 6, 14, 1, 9, 0]",7588.063453799174 ,PSO_POP_200_ALPHA_0_9_BETA_0_3_NR_ITER_100,"{'suffix': 'PSO_POP_200_ALPHA_0_9_BETA_0_3_NR_ITER_100', 'size_of_population': 200, 'alpha': 0.9, 'beta': 0.3, 'max_iterations': 100}",85.2                  ,92.75                 ,10.677312395916863    ,100.3                 ,0.27339             ,nan                                    ,nan                                         ,nan                                   ,nan                                        ,nan                                               ,nan                                                    ,"[100.3, 85.2]"
15              ,75             ,TSP_CITIES_SET_75_N_15.json,TIME_AND_DATA      ,particle_swarm,6686.939801021821 ,6686.939801021821     ,"[0, 2, 13, 12, 1, 14, 7, 5, 4, 11, 3, 10, 9, 8, 6, 0]",True               ,0.0                    ,0.0                    ,"[0, 2, 13, 12, 1, 14, 7, 5, 4, 11, 3, 10, 9, 8, 6, 0]",6686.939801021821 ,PSO_POP_200_ALPHA_0_9_BETA_0_3_NR_ITER_100,"{'suffix': 'PSO_POP_200_ALPHA_0_9_BETA_0_3_NR_ITER_100', 'size_of_population': 200, 'alpha': 0.9, 'beta': 0.3, 'max_iterations': 100}",99.4                  ,99.85                 ,0.6363961030678867    ,100.3                 ,0.2857266000000003  ,nan                                    ,nan                                         ,nan                                   ,nan                                        ,nan                                               ,nan                                                    ,"[99.4, 100.3]"
15              ,76             ,TSP_CITIES_SET_76_N_15.json,TIME_AND_DATA      ,particle_swarm,8308.072408182084 ,8308.072408182084     ,"[0, 2, 6, 10, 5, 8, 14, 1, 13, 7, 11, 3, 4, 12, 9, 0]",False              ,1029.009544219659      ,14.136566251050454     ,"[0, 14, 1, 13, 7, 11, 3, 4, 12, 9, 2, 6, 10, 5, 8, 0]",7279.062863962426 ,PSO_POP_200_ALPHA_0_9_BETA_0_3_NR_ITER_100,"{'suffix': 'PSO_POP_200_ALPHA_0_9_BETA_0_3_NR_ITER_100', 'size_of_population': 200, 'alpha': 0.9, 'beta': 0.3, 'max_iterations': 100}",100.3                 ,100.3                 ,0.0                   ,100.3                 ,0.3141309000000003  ,nan                                    ,nan                                         ,nan                                   ,nan                                        ,nan                                               ,nan                                                    ,"[100.3, 100.3]"
15              ,77             ,TSP_CITIES_SET_77_N_15.json,TIME_AND_DATA      ,particle_swarm,6853.4600604612015,6853.460060461202     ,"[0, 10, 6, 13, 5, 8, 12, 4, 14, 7, 3, 11, 1, 9, 2, 0]",False              ,604.2584147806974      ,9.66936976979076       ,"[0, 3, 11, 1, 7, 9, 2, 4, 14, 12, 8, 5, 13, 6, 10, 0]",6249.201645680505 ,PSO_POP_200_ALPHA_0_9_BETA_0_3_NR_ITER_100,"{'suffix': 'PSO_POP_200_ALPHA_0_9_BETA_0_3_NR_ITER_100', 'size_of_population': 200, 'alpha': 0.9, 'beta': 0.3, 'max_iterations': 100}",86.0                  ,92.7                  ,9.475230867899741     ,99.4                  ,0.2379294000000005  ,nan                                    ,nan                                         ,nan                                   ,nan                                        ,nan                                               ,nan                                                    ,"[99.4, 86.0]"
15              ,78             ,TSP_CITIES_SET_78_N_15.json,TIME_AND_DATA      ,particle_swarm,7588.388516133509 ,7588.388516133511     ,"[0, 14, 1, 12, 11, 2, 6, 9, 7, 3, 4, 13, 8, 10, 5, 0]",False              ,436.62658297906364     ,6.105161036680083      ,"[0, 14, 5, 13, 8, 10, 1, 12, 11, 2, 6, 9, 7, 3, 4, 0]",7151.761933154447 ,PSO_POP_200_ALPHA_0_9_BETA_0_3_NR_ITER_100,"{'suffix': 'PSO_POP_200_ALPHA_0_9_BETA_0_3_NR_ITER_100', 'size_of_population': 200, 'alpha': 0.9, 'beta': 0.3, 'max_iterations': 100}",99.4                  ,100.0                 ,0.5196152422706583    ,100.3                 ,0.3676667           ,nan                                    ,nan                                         ,nan                                   ,nan                                        ,nan                                               ,nan                                                    ,"[99.4, 100.3, 100.3]"
15              ,79             ,TSP_CITIES_SET_79_N_15.json,TIME_AND_DATA      ,particle_swarm,8328.56307141055  ,8328.563071410552     ,"[0, 10, 14, 9, 1, 3, 8, 2, 12, 6, 5, 4, 11, 13, 7, 0]",False              ,1056.5127348672704     ,14.52840238960002      ,"[0, 7, 4, 5, 6, 12, 2, 8, 9, 1, 3, 11, 13, 10, 14, 0]",7272.050336543281 ,PSO_POP_200_ALPHA_0_9_BETA_0_3_NR_ITER_100,"{'suffix': 'PSO_POP_200_ALPHA_0_9_BETA_0_3_NR_ITER_100', 'size_of_population': 200, 'alpha': 0.9, 'beta': 0.3, 'max_iterations': 100}",99.4                  ,99.85                 ,0.6363961030678867    ,100.3                 ,0.24244660000000007 ,nan                                    ,nan                                         ,nan                                   ,nan                                        ,nan                                               ,nan                                                    ,"[100.3, 99.4]"
15              ,80             ,TSP_CITIES_SET_80_N_15.json,TIME_AND_DATA      ,particle_swarm,7343.670471373681 ,7343.670471373681     ,"[0, 6, 1, 13, 9, 14, 3, 11, 7, 2, 10, 8, 5, 4, 12, 0]",False              ,329.2139151636902      ,4.693363092715042      ,"[0, 5, 4, 12, 8, 10, 2, 7, 11, 3, 14, 6, 9, 13, 1, 0]",7014.456556209991 ,PSO_POP_200_ALPHA_0_9_BETA_0_3_NR_ITER_100,"{'suffix': 'PSO_POP_200_ALPHA_0_9_BETA_0_3_NR_ITER_100', 'size_of_population': 200, 'alpha': 0.9, 'beta': 0.3, 'max_iterations': 100}",99.4                  ,99.85                 ,0.6363961030678867    ,100.3                 ,0.2433330000000007  ,nan                                    ,nan                                         ,nan                                   ,nan                                        ,nan                                               ,nan                                                    ,"[99.4, 100.3]"
15              ,81             ,TSP_CITIES_SET_81_N_15.json,TIME_AND_DATA      ,particle_swarm,6731.40664153372  ,6731.40664153372      ,"[0, 2, 12, 1, 5, 6, 14, 3, 10, 7, 4, 13, 9, 8, 11, 0]",True               ,0.0                    ,0.0                    ,"[0, 2, 12, 1, 5, 6, 14, 3, 10, 7, 4, 13, 9, 8, 11, 0]",6731.406641533721 ,PSO_POP_200_ALPHA_0_9_BETA_0_3_NR_ITER_100,"{'suffix': 'PSO_POP_200_ALPHA_0_9_BETA_0_3_NR_ITER_100', 'size_of_population': 200, 'alpha': 0.9, 'beta': 0.3, 'max_iterations': 100}",99.4                  ,99.85                 ,0.6363961030678867    ,100.3                 ,0.30605930000000026 ,nan                                    ,nan                                         ,nan                                   ,nan                                        ,nan                                               ,nan                                                    ,"[100.3, 99.4]"
15              ,82             ,TSP_CITIES_SET_82_N_15.json,TIME_AND_DATA      ,particle_swarm,6493.839392655476 ,6493.839392655477     ,"[0, 6, 3, 12, 9, 2, 10, 11, 13, 8, 4, 7, 1, 14, 5, 0]",False              ,500.5256018314649      ,8.35139989829647       ,"[0, 13, 8, 10, 11, 2, 9, 12, 3, 4, 7, 1, 14, 5, 6, 0]",5993.313790824012 ,PSO_POP_200_ALPHA_0_9_BETA_0_3_NR_ITER_100,"{'suffix': 'PSO_POP_200_ALPHA_0_9_BETA_0_3_NR_ITER_100', 'size_of_population': 200, 'alpha': 0.9, 'beta': 0.3, 'max_iterations': 100}",99.4                  ,99.7                  ,0.42426406871192446   ,100.0                 ,0.24900900000000004 ,nan                                    ,nan                                         ,nan                                   ,nan                                        ,nan                                               ,nan                                                    ,"[99.4, 100.0]"
15              ,83             ,TSP_CITIES_SET_83_N_15.json,TIME_AND_DATA      ,particle_swarm,7246.530508111528 ,7246.530508111528     ,"[0, 12, 3, 13, 2, 7, 5, 11, 1, 10, 6, 8, 9, 4, 14, 0]",False              ,20.060705225037964     ,0.2776003466730748     ,"[0, 3, 12, 13, 2, 7, 5, 11, 1, 10, 6, 8, 9, 4, 14, 0]",7226.4698028864905,PSO_POP_200_ALPHA_0_9_BETA_0_3_NR_ITER_100,"{'suffix': 'PSO_POP_200_ALPHA_0_9_BETA_0_3_NR_ITER_100', 'size_of_population': 200, 'alpha': 0.9, 'beta': 0.3, 'max_iterations': 100}",100.3                 ,100.3                 ,0.0                   ,100.3                 ,0.3192546999999992  ,nan                                    ,nan                                         ,nan                                   ,nan                                        ,nan                                               ,nan                                                    ,"[100.3, 100.3]"
15              ,84             ,TSP_CITIES_SET_84_N_15.json,TIME_AND_DATA      ,particle_swarm,7444.289008630861 ,7444.28900863086      ,"[0, 8, 12, 3, 7, 2, 13, 6, 5, 10, 4, 14, 9, 11, 1, 0]",True               ,0.0                    ,0.0                    ,"[0, 8, 12, 3, 7, 2, 13, 6, 5, 10, 4, 14, 9, 11, 1, 0]",7444.28900863086  ,PSO_POP_200_ALPHA_0_9_BETA_0_3_NR_ITER_100,"{'suffix': 'PSO_POP_200_ALPHA_0_9_BETA_0_3_NR_ITER_100', 'size_of_population': 200, 'alpha': 0.9, 'beta': 0.3, 'max_iterations': 100}",99.4                  ,99.85                 ,0.6363961030678867    ,100.3                 ,0.2568627000000001  ,nan                                    ,nan                                         ,nan                                   ,nan                                        ,nan                                               ,nan                                                    ,"[100.3, 99.4]"
15              ,85             ,TSP_CITIES_SET_85_N_15.json,TIME_AND_DATA      ,particle_swarm,7711.79058010841  ,7711.790580108409     ,"[0, 11, 5, 9, 13, 2, 10, 4, 6, 7, 1, 14, 3, 8, 12, 0]",False              ,608.1970339525615      ,8.561821984897925      ,"[0, 5, 11, 8, 3, 12, 14, 1, 7, 6, 10, 4, 9, 13, 2, 0]",7103.593546155847 ,PSO_POP_200_ALPHA_0_9_BETA_0_3_NR_ITER_100,"{'suffix': 'PSO_POP_200_ALPHA_0_9_BETA_0_3_NR_ITER_100', 'size_of_population': 200, 'alpha': 0.9, 'beta': 0.3, 'max_iterations': 100}",99.4                  ,99.85                 ,0.6363961030678867    ,100.3                 ,0.3299934000000002  ,nan                                    ,nan                                         ,nan                                   ,nan                                        ,nan                                               ,nan                                                    ,"[100.3, 99.4]"
15              ,86             ,TSP_CITIES_SET_86_N_15.json,TIME_AND_DATA      ,particle_swarm,7472.668937972704 ,7472.668937972705     ,"[0, 1, 11, 9, 14, 4, 13, 5, 3, 12, 10, 8, 6, 2, 7, 0]",False              ,233.98391422139048     ,3.2324091109593915     ,"[0, 7, 2, 6, 8, 10, 12, 3, 5, 13, 1, 4, 14, 11, 9, 0]",7238.6850237513145,PSO_POP_200_ALPHA_0_9_BETA_0_3_NR_ITER_100,"{'suffix': 'PSO_POP_200_ALPHA_0_9_BETA_0_3_NR_ITER_100', 'size_of_population': 200, 'alpha': 0.9, 'beta': 0.3, 'max_iterations': 100}",100.0                 ,100.15                ,0.21213203435596226   ,100.3                 ,0.2548073999999998  ,nan                                    ,nan                                         ,nan                                   ,nan                                        ,nan                                               ,nan                                                    ,"[100.3, 100.0]"
15              ,87             ,TSP_CITIES_SET_87_N_15.json,TIME_AND_DATA      ,particle_swarm,7427.039533877751 ,7427.039533877751     ,"[0, 6, 8, 11, 1, 13, 3, 2, 7, 9, 5, 14, 12, 4, 10, 0]",False              ,294.5689591322698      ,4.129970899217924      ,"[0, 10, 4, 6, 8, 11, 1, 13, 3, 2, 7, 9, 5, 14, 12, 0]",7132.470574745481 ,PSO_POP_200_ALPHA_0_9_BETA_0_3_NR_ITER_100,"{'suffix': 'PSO_POP_200_ALPHA_0_9_BETA_0_3_NR_ITER_100', 'size_of_population': 200, 'alpha': 0.9, 'beta': 0.3, 'max_iterations': 100}",99.4                  ,99.85                 ,0.6363961030678867    ,100.3                 ,0.2899295999999998  ,nan                                    ,nan                                         ,nan                                   ,nan                                        ,nan                                               ,nan                                                    ,"[100.3, 99.4]"
15              ,88             ,TSP_CITIES_SET_88_N_15.json,TIME_AND_DATA      ,particle_swarm,6473.931963558354 ,6473.931963558353     ,"[0, 9, 7, 1, 11, 14, 8, 6, 4, 10, 12, 3, 2, 5, 13, 0]",False              ,361.3844123308727      ,5.912173431817343      ,"[0, 8, 13, 5, 2, 3, 6, 4, 12, 10, 9, 1, 7, 11, 14, 0]",6112.547551227481 ,PSO_POP_200_ALPHA_0_9_BETA_0_3_NR_ITER_100,"{'suffix': 'PSO_POP_200_ALPHA_0_9_BETA_0_3_NR_ITER_100', 'size_of_population': 200, 'alpha': 0.9, 'beta': 0.3, 'max_iterations': 100}",99.4                  ,99.85                 ,0.6363961030678867    ,100.3                 ,0.3153201000000001  ,nan                                    ,nan                                         ,nan                                   ,nan                                        ,nan                                               ,nan                                                    ,"[99.4, 100.3]"
15              ,89             ,TSP_CITIES_SET_89_N_15.json,TIME_AND_DATA      ,particle_swarm,7160.849271046459 ,7160.849271046459     ,"[0, 12, 10, 2, 8, 4, 13, 11, 5, 1, 14, 6, 7, 3, 9, 0]",False              ,395.8947734882631      ,5.852142444286374      ,"[0, 9, 3, 7, 6, 14, 1, 5, 12, 10, 2, 8, 4, 13, 11, 0]",6764.954497558196 ,PSO_POP_200_ALPHA_0_9_BETA_0_3_NR_ITER_100,"{'suffix': 'PSO_POP_200_ALPHA_0_9_BETA_0_3_NR_ITER_100', 'size_of_population': 200, 'alpha': 0.9, 'beta': 0.3, 'max_iterations': 100}",99.4                  ,99.85                 ,0.6363961030678867    ,100.3                 ,0.272443            ,nan                                    ,nan                                         ,nan                                   ,nan                                        ,nan                                               ,nan                                                    ,"[99.4, 100.3]"
15              ,90             ,TSP_CITIES_SET_90_N_15.json,TIME_AND_DATA      ,particle_swarm,8326.553656801938 ,8326.553656801936     ,"[0, 13, 5, 11, 6, 2, 8, 7, 14, 10, 12, 4, 1, 3, 9, 0]",False              ,519.9957531876926      ,6.66101192879063       ,"[0, 13, 5, 11, 6, 7, 14, 8, 2, 10, 12, 4, 1, 3, 9, 0]",7806.5579036142435,PSO_POP_200_ALPHA_0_9_BETA_0_3_NR_ITER_100,"{'suffix': 'PSO_POP_200_ALPHA_0_9_BETA_0_3_NR_ITER_100', 'size_of_population': 200, 'alpha': 0.9, 'beta': 0.3, 'max_iterations': 100}",100.3                 ,100.3                 ,0.0                   ,100.3                 ,0.3182855           ,nan                                    ,nan                                         ,nan                                   ,nan                                        ,nan                                               ,nan                                                    ,"[100.3, 100.3]"
15              ,91             ,TSP_CITIES_SET_91_N_15.json,TIME_AND_DATA      ,particle_swarm,7594.56789390779  ,7594.567893907791     ,"[0, 10, 14, 6, 4, 8, 5, 12, 11, 7, 2, 1, 9, 3, 13, 0]",False              ,868.3613858345152      ,12.910120805720812     ,"[0, 10, 14, 8, 6, 4, 9, 1, 2, 7, 11, 12, 5, 3, 13, 0]",6726.2065080732755,PSO_POP_200_ALPHA_0_9_BETA_0_3_NR_ITER_100,"{'suffix': 'PSO_POP_200_ALPHA_0_9_BETA_0_3_NR_ITER_100', 'size_of_population': 200, 'alpha': 0.9, 'beta': 0.3, 'max_iterations': 100}",99.4                  ,99.85                 ,0.6363961030678867    ,100.3                 ,0.2462742999999996  ,nan                                    ,nan                                         ,nan                                   ,nan                                        ,nan                                               ,nan                                                    ,"[100.3, 99.4]"
15              ,92             ,TSP_CITIES_SET_92_N_15.json,TIME_AND_DATA      ,particle_swarm,7989.427681486633 ,7989.4276814866325    ,"[0, 13, 2, 9, 4, 1, 12, 14, 6, 5, 7, 10, 3, 11, 8, 0]",False              ,55.33305055530309      ,0.6974085025351899     ,"[0, 8, 11, 3, 10, 5, 7, 6, 14, 12, 1, 4, 9, 2, 13, 0]",7934.094630931329 ,PSO_POP_200_ALPHA_0_9_BETA_0_3_NR_ITER_100,"{'suffix': 'PSO_POP_200_ALPHA_0_9_BETA_0_3_NR_ITER_100', 'size_of_population': 200, 'alpha': 0.9, 'beta': 0.3, 'max_iterations': 100}",99.4                  ,99.85                 ,0.6363961030678867    ,100.3                 ,0.27880330000000075 ,nan                                    ,nan                                         ,nan                                   ,nan                                        ,nan                                               ,nan                                                    ,"[100.3, 99.4]"
15              ,93             ,TSP_CITIES_SET_93_N_15.json,TIME_AND_DATA      ,particle_swarm,7287.479569043015 ,7287.479569043013     ,"[0, 11, 2, 6, 5, 12, 8, 1, 9, 13, 3, 4, 10, 7, 14, 0]",False              ,267.13219593948634     ,3.8051136466968534     ,"[0, 4, 7, 14, 10, 3, 13, 9, 1, 8, 12, 5, 6, 2, 11, 0]",7020.3473731035265,PSO_POP_200_ALPHA_0_9_BETA_0_3_NR_ITER_100,"{'suffix': 'PSO_POP_200_ALPHA_0_9_BETA_0_3_NR_ITER_100', 'size_of_population': 200, 'alpha': 0.9, 'beta': 0.3, 'max_iterations': 100}",99.4                  ,99.85                 ,0.6363961030678867    ,100.3                 ,0.3256768999999995  ,nan                                    ,nan                                         ,nan                                   ,nan                                        ,nan                                               ,nan                                                    ,"[100.3, 99.4]"
15              ,94             ,TSP_CITIES_SET_94_N_15.json,TIME_AND_DATA      ,particle_swarm,6710.81129393701  ,6710.811293937011     ,"[0, 14, 8, 2, 10, 9, 12, 1, 13, 7, 4, 5, 11, 6, 3, 0]",False              ,249.27075680592316     ,3.857760473272507      ,"[0, 14, 8, 2, 10, 9, 12, 1, 13, 7, 5, 11, 4, 6, 3, 0]",6461.540537131088 ,PSO_POP_200_ALPHA_0_9_BETA_0_3_NR_ITER_100,"{'suffix': 'PSO_POP_200_ALPHA_0_9_BETA_0_3_NR_ITER_100', 'size_of_population': 200, 'alpha': 0.9, 'beta': 0.3, 'max_iterations': 100}",100.3                 ,100.3                 ,0.0                   ,100.3                 ,0.30032499999999995 ,nan                                    ,nan                                         ,nan                                   ,nan                                        ,nan                                               ,nan                                                    ,"[100.3, 100.3]"
15              ,95             ,TSP_CITIES_SET_95_N_15.json,TIME_AND_DATA      ,particle_swarm,6762.454973736206 ,6762.454973736205     ,"[0, 10, 9, 11, 1, 13, 8, 2, 3, 7, 12, 6, 5, 14, 4, 0]",False              ,641.5195434399575      ,10.480743519441251     ,"[0, 5, 6, 14, 11, 1, 9, 13, 8, 2, 3, 7, 12, 10, 4, 0]",6120.935430296247 ,PSO_POP_200_ALPHA_0_9_BETA_0_3_NR_ITER_100,"{'suffix': 'PSO_POP_200_ALPHA_0_9_BETA_0_3_NR_ITER_100', 'size_of_population': 200, 'alpha': 0.9, 'beta': 0.3, 'max_iterations': 100}",100.3                 ,100.3                 ,0.0                   ,100.3                 ,0.23634980000000017 ,nan                                    ,nan                                         ,nan                                   ,nan                                        ,nan                                               ,nan                                                    ,"[100.3, 100.3]"
15              ,96             ,TSP_CITIES_SET_96_N_15.json,TIME_AND_DATA      ,particle_swarm,5734.317161858262 ,5734.317161858262     ,"[0, 5, 3, 7, 12, 14, 6, 11, 1, 10, 13, 9, 2, 8, 4, 0]",False              ,13.624837154256966     ,0.23816762693948815    ,"[0, 4, 8, 2, 9, 13, 10, 1, 11, 6, 14, 7, 12, 3, 5, 0]",5720.692324704005 ,PSO_POP_200_ALPHA_0_9_BETA_0_3_NR_ITER_100,"{'suffix': 'PSO_POP_200_ALPHA_0_9_BETA_0_3_NR_ITER_100', 'size_of_population': 200, 'alpha': 0.9, 'beta': 0.3, 'max_iterations': 100}",85.2                  ,92.75                 ,10.677312395916863    ,100.3                 ,0.2961619999999998  ,nan                                    ,nan                                         ,nan                                   ,nan                                        ,nan                                               ,nan                                                    ,"[100.3, 85.2]"
15              ,97             ,TSP_CITIES_SET_97_N_15.json,TIME_AND_DATA      ,particle_swarm,7348.176621905063 ,7348.176621905061     ,"[0, 11, 10, 5, 1, 13, 2, 7, 3, 12, 9, 6, 4, 14, 8, 0]",False              ,381.8430288599129      ,5.481262471282262      ,"[0, 14, 8, 10, 5, 1, 13, 2, 7, 3, 12, 9, 6, 4, 11, 0]",6966.3335930451485,PSO_POP_200_ALPHA_0_9_BETA_0_3_NR_ITER_100,"{'suffix': 'PSO_POP_200_ALPHA_0_9_BETA_0_3_NR_ITER_100', 'size_of_population': 200, 'alpha': 0.9, 'beta': 0.3, 'max_iterations': 100}",100.3                 ,100.3                 ,0.0                   ,100.3                 ,0.2526678000000002  ,nan                                    ,nan                                         ,nan                                   ,nan                                        ,nan                                               ,nan                                                    ,"[100.3, 100.3]"
15              ,98             ,TSP_CITIES_SET_98_N_15.json,TIME_AND_DATA      ,particle_swarm,6028.450252602552 ,6028.450252602551     ,"[0, 13, 10, 11, 5, 1, 8, 3, 2, 14, 12, 9, 7, 4, 6, 0]",False              ,326.92917301355465     ,5.734069355350377      ,"[0, 6, 4, 7, 9, 13, 10, 11, 5, 1, 8, 3, 2, 14, 12, 0]",5701.521079588996 ,PSO_POP_200_ALPHA_0_9_BETA_0_3_NR_ITER_100,"{'suffix': 'PSO_POP_200_ALPHA_0_9_BETA_0_3_NR_ITER_100', 'size_of_population': 200, 'alpha': 0.9, 'beta': 0.3, 'max_iterations': 100}",100.3                 ,100.3                 ,0.0                   ,100.3                 ,0.2250930999999996  ,nan                                    ,nan                                         ,nan                                   ,nan                                        ,nan                                               ,nan                                                    ,"[100.3, 100.3]"
15              ,99             ,TSP_CITIES_SET_99_N_15.json,TIME_AND_DATA      ,particle_swarm,8000.733006004435 ,8000.733006004436     ,"[0, 1, 7, 3, 4, 2, 9, 8, 5, 10, 11, 12, 14, 13, 6, 0]",False              ,583.2137582720216      ,7.862652442058899      ,"[0, 9, 2, 4, 7, 3, 1, 6, 13, 14, 11, 12, 10, 5, 8, 0]",7417.519247732414 ,PSO_POP_200_ALPHA_0_9_BETA_0_3_NR_ITER_100,"{'suffix': 'PSO_POP_200_ALPHA_0_9_BETA_0_3_NR_ITER_100', 'size_of_population': 200, 'alpha': 0.9, 'beta': 0.3, 'max_iterations': 100}",100.3                 ,100.3                 ,0.0                   ,100.3                 ,0.256996            ,nan                                    ,nan                                         ,nan                                   ,nan                                        ,nan                                               ,nan                                                    ,"[100.3, 100.3]"
